schemaVersion,recordType,source.name,source.url,content.startupName,content.pricingModel,collectedAt
1.0,PRODUCT,Y Combinator,https://www.ycombinator.com/companies/cruise,Cruise,UNKNOWN,2026-09-06T23:02:49.237535Z
1.0,PRODUCT,Y Combinator,https://www.ycombinator.com/companies/casetext,Casetext,UNKNOWN,2026-09-06T23:02:49.237588Z
1.0,PRODUCT,Y Combinator,https://www.ycombinator.com/companies/checkr,Checkr,UNKNOWN,2026-09-06T23:02:49.237619Z
1.0,PRODUCT,Y Combinator,https://www.ycombinator.com/companies/caper,Caper,UNKNOWN,2026-09-06T23:02:49.237631Z
1.0,PRODUCT,Y Combinator,https://www.ycombinator.com/companies/podium,Podium,UNKNOWN,2026-09-06T23:02:49.237658Z
1.0,PRODUCT,Y Combinator,https://www.ycombinator.com/companies/scale-ai,Scale AI,UNKNOWN,2026-09-06T23:02:49.237673Z
1.0,PRODUCT,Y Combinator,https://www.ycombinator.com/companies/daily,Daily,UNKNOWN,2026-09-06T23:02:49.237684Z
1.0,PRODUCT,Y Combinator,https://www.ycombinator.com/companies/isono-health,iSono Health,UNKNOWN,2026-09-06T23:02:49.237710Z
1.0,PRODUCT,Y Combinator,https://www.ycombinator.com/companies/deepgram,Deepgram,UNKNOWN,2026-09-06T23:02:49.237736Z
1.0,PRODUCT,Y Combinator,https://www.ycombinator.com/companies/microhealth,Microhealth,UNKNOWN,2026-09-06T23:02:49.237761Z
1.0,PRODUCT,Y Combinator,https://www.ycombinator.com/companies/snapmagic,SnapMagic,UNKNOWN,2026-09-06T23:02:49.237787Z
1.0,PRODUCT,Y Combinator,https://www.ycombinator.com/companies/mashgin,Mashgin,UNKNOWN,2026-09-06T23:02:49.237813Z
1.0,PRODUCT,Y Combinator,https://www.ycombinator.com/companies/tara-ai,Tara AI,UNKNOWN,2026-09-06T23:02:49.237837Z
1.0,PRODUCT,Y Combinator,https://www.ycombinator.com/companies/resolve,Resolve,UNKNOWN,2026-09-06T23:02:49.237861Z
1.0,PRODUCT,Y Combinator,https://www.ycombinator.com/companies/zeitview,Zeitview,UNKNOWN,2026-09-06T23:02:49.237887Z
1.0,PRODUCT,Y Combinator,https://www.ycombinator.com/companies/akido-labs,Akido Labs,UNKNOWN,2026-09-06T23:02:49.237912Z
1.0,PRODUCT,Y Combinator,https://www.ycombinator.com/companies/qventus,Qventus,UNKNOWN,2026-09-06T23:02:49.237935Z
1.0,PRODUCT,Y Combinator,https://www.ycombinator.com/companies/opencurriculum,OpenCurriculum,UNKNOWN,2026-09-06T23:02:49.237959Z
1.0,PRODUCT,Y Combinator,https://www.ycombinator.com/companies/mixerbox,MixerBox,UNKNOWN,2026-09-06T23:02:49.237988Z
1.0,PRODUCT,Y Combinator,https://www.ycombinator.com/companies/caremessage,CareMessage,UNKNOWN,2026-09-06T23:02:49.238017Z
1.0,PRODUCT,Y Combinator,https://www.ycombinator.com/companies/radar,RADAR,UNKNOWN,2026-09-06T23:02:49.238029Z
1.0,PRODUCT,Y Combinator,https://www.ycombinator.com/companies/plivo,Plivo,UNKNOWN,2026-09-06T23:02:49.238039Z
1.0,PRODUCT,Y Combinator,https://www.ycombinator.com/companies/redoubt-insurance,Redoubt Insurance,UNKNOWN,2026-09-06T23:02:49.238064Z
1.0,PRODUCT,Y Combinator,https://www.ycombinator.com/companies/antimattr,antimattr,UNKNOWN,2026-09-06T23:02:49.238089Z
1.0,PRODUCT,Y Combinator,https://www.ycombinator.com/companies/dreamscale-labs,Dreamscale Labs,UNKNOWN,2026-09-06T23:02:49.238116Z
1.0,PRODUCT,Y Combinator,https://www.ycombinator.com/companies/vorelios,Vorelios,UNKNOWN,2026-09-06T23:02:49.238140Z
1.0,PRODUCT,Y Combinator,https://www.ycombinator.com/companies/workers-io,Workers IO,UNKNOWN,2026-09-06T23:02:49.238169Z
1.0,PRODUCT,Y Combinator,https://www.ycombinator.com/companies/hopper,Hopper,UNKNOWN,2026-09-06T23:02:49.238194Z
1.0,PRODUCT,Y Combinator,https://www.ycombinator.com/companies/onepatch,OnePatch,UNKNOWN,2026-09-06T23:02:49.238220Z
1.0,PRODUCT,Y Combinator,https://www.ycombinator.com/companies/nodus-compute,Nodus Compute,UNKNOWN,2026-09-06T23:02:49.238244Z
1.0,PRODUCT,Y Combinator,https://www.ycombinator.com/companies/lantern-ai,Lantern AI,UNKNOWN,2026-09-06T23:02:49.238268Z
1.0,PRODUCT,Y Combinator,https://www.ycombinator.com/companies/useforward,Forward,UNKNOWN,2026-09-06T23:02:49.238293Z
1.0,PRODUCT,Y Combinator,https://www.ycombinator.com/companies/qokedas,Qokedas,UNKNOWN,2026-09-06T23:02:49.238318Z
1.0,PRODUCT,Y Combinator,https://www.ycombinator.com/companies/veeza-ai,Veeza AI,UNKNOWN,2026-09-06T23:02:49.238345Z
1.0,PRODUCT,Y Combinator,https://www.ycombinator.com/companies/simulithic,Simulithic,UNKNOWN,2026-09-06T23:02:49.238371Z
1.0,PRODUCT,Y Combinator,https://www.ycombinator.com/companies/sentient-os,Sentient OS,UNKNOWN,2026-09-06T23:02:49.238396Z
1.0,PRODUCT,Y Combinator,https://www.ycombinator.com/companies/herdr,herdr,UNKNOWN,2026-09-06T23:02:49.238408Z
1.0,PRODUCT,Y Combinator,https://www.ycombinator.com/companies/lambda-robotics,Lambda Robotics,UNKNOWN,2026-09-06T23:02:49.238436Z
1.0,PRODUCT,Y Combinator,https://www.ycombinator.com/companies/opentag,OpenTag,UNKNOWN,2026-09-06T23:02:49.238462Z
1.0,PRODUCT,Y Combinator,https://www.ycombinator.com/companies/conifer,Conifer,UNKNOWN,2026-09-06T23:02:49.238487Z
1.0,PRODUCT,Y Combinator,https://www.ycombinator.com/companies/simantic,Simantic,UNKNOWN,2026-09-06T23:02:49.238512Z
1.0,PRODUCT,Y Combinator,https://www.ycombinator.com/companies/experiential-labs,Experiential Labs,UNKNOWN,2026-09-06T23:02:49.238540Z
1.0,PRODUCT,Y Combinator,https://www.ycombinator.com/companies/coarena,CoArena,UNKNOWN,2026-09-06T23:02:49.238566Z
1.0,PRODUCT,Y Combinator,https://www.ycombinator.com/companies/magma,Magma,UNKNOWN,2026-09-06T23:02:49.238577Z
1.0,PRODUCT,Y Combinator,https://www.ycombinator.com/companies/billow-ai-labs,Billow AI Labs,UNKNOWN,2026-09-06T23:02:49.238603Z
1.0,PRODUCT,Y Combinator,https://www.ycombinator.com/companies/hardware-intelligence,hardware intelligence,UNKNOWN,2026-09-06T23:02:49.238629Z
1.0,PRODUCT,Y Combinator,https://www.ycombinator.com/companies/osseus,Osseus,UNKNOWN,2026-09-06T23:02:49.238656Z
1.0,PRODUCT,Y Combinator,https://www.ycombinator.com/companies/allia-health,Allia Health,UNKNOWN,2026-09-06T23:02:49.238683Z
1.0,PRODUCT,Y Combinator,https://www.ycombinator.com/companies/robocurve,Robocurve,UNKNOWN,2026-09-06T23:02:49.238708Z
1.0,PRODUCT,Y Combinator,https://www.ycombinator.com/companies/hiloop,hiloop,UNKNOWN,2026-09-06T23:02:49.238735Z
1.0,PRODUCT,Y Combinator,https://www.ycombinator.com/companies/dawn-industries,Dawn Industries,UNKNOWN,2026-09-06T23:02:49.238761Z
1.0,PRODUCT,Y Combinator,https://www.ycombinator.com/companies/onecli,OneCLI,UNKNOWN,2026-09-06T23:02:49.238790Z
1.0,PRODUCT,Y Combinator,https://www.ycombinator.com/companies/wondering,Wondering,UNKNOWN,2026-09-06T23:02:49.238817Z
1.0,PRODUCT,Y Combinator,https://www.ycombinator.com/companies/tracer,Tracer,UNKNOWN,2026-09-06T23:02:49.238842Z
1.0,PRODUCT,Y Combinator,https://www.ycombinator.com/companies/locke,Locke,UNKNOWN,2026-09-06T23:02:49.238855Z
1.0,PRODUCT,Y Combinator,https://www.ycombinator.com/companies/florin,Florin,UNKNOWN,2026-09-06T23:02:49.238883Z
1.0,PRODUCT,Y Combinator,https://www.ycombinator.com/companies/hebbian-robotics,Hebbian Robotics,UNKNOWN,2026-09-06T23:02:49.238911Z
1.0,PRODUCT,Y Combinator,https://www.ycombinator.com/companies/princeps,PRINCEPS,UNKNOWN,2026-09-06T23:02:49.238937Z
1.0,PRODUCT,Y Combinator,https://www.ycombinator.com/companies/agent-fm,Agent FM,UNKNOWN,2026-09-06T23:02:49.238962Z
1.0,PRODUCT,Y Combinator,https://www.ycombinator.com/companies/openrelay,OpenRelay,UNKNOWN,2026-09-06T23:02:49.238989Z
1.0,PRODUCT,Y Combinator,https://www.ycombinator.com/companies/dock,Dock,UNKNOWN,2026-09-06T23:02:49.239000Z
1.0,PRODUCT,Y Combinator,https://www.ycombinator.com/companies/verdict-machine,Verdict Machine,UNKNOWN,2026-09-06T23:02:49.239029Z
1.0,PRODUCT,Y Combinator,https://www.ycombinator.com/companies/tovenai,TovenAI,UNKNOWN,2026-09-06T23:02:49.239055Z
1.0,PRODUCT,Y Combinator,https://www.ycombinator.com/companies/hyperprobe,HyperProbe,UNKNOWN,2026-09-06T23:02:49.239081Z
1.0,PRODUCT,Y Combinator,https://www.ycombinator.com/companies/skymerse,Skymerse,UNKNOWN,2026-09-06T23:02:49.239109Z
1.0,PRODUCT,Y Combinator,https://www.ycombinator.com/companies/palisade-2,Palisade,UNKNOWN,2026-09-06T23:02:49.239135Z
1.0,PRODUCT,Y Combinator,https://www.ycombinator.com/companies/83-sciences,83 Sciences,UNKNOWN,2026-09-06T23:02:49.239162Z
1.0,PRODUCT,Y Combinator,https://www.ycombinator.com/companies/lamb-labs,Lambda,UNKNOWN,2026-09-06T23:02:49.239201Z
1.0,PRODUCT,Y Combinator,https://www.ycombinator.com/companies/mireye,Mireye,UNKNOWN,2026-09-06T23:02:49.239228Z
1.0,PRODUCT,Y Combinator,https://www.ycombinator.com/companies/touchy,Touchy,UNKNOWN,2026-09-06T23:02:49.239265Z
1.0,PRODUCT,Y Combinator,https://www.ycombinator.com/companies/pennant,Pennant,UNKNOWN,2026-09-06T23:02:49.239294Z
1.0,PRODUCT,Y Combinator,https://www.ycombinator.com/companies/decawork,Decawork,UNKNOWN,2026-09-06T23:02:49.239320Z
1.0,PRODUCT,Y Combinator,https://www.ycombinator.com/companies/carsignal,CarSignal,UNKNOWN,2026-09-06T23:02:49.239349Z
1.0,PRODUCT,Y Combinator,https://www.ycombinator.com/companies/axelrod,Axelrod,UNKNOWN,2026-09-06T23:02:49.239376Z
1.0,PRODUCT,Y Combinator,https://www.ycombinator.com/companies/care-gp,Care GP,UNKNOWN,2026-09-06T23:02:49.239405Z
1.0,PRODUCT,Y Combinator,https://www.ycombinator.com/companies/agnost-ai,Agnost AI,UNKNOWN,2026-09-06T23:02:49.239432Z
1.0,PRODUCT,Y Combinator,https://www.ycombinator.com/companies/gamgee,Gamgee,UNKNOWN,2026-09-06T23:02:49.239459Z
1.0,PRODUCT,Y Combinator,https://www.ycombinator.com/companies/inkbox,Inkbox,UNKNOWN,2026-09-06T23:02:49.239488Z
1.0,PRODUCT,Y Combinator,https://www.ycombinator.com/companies/familiar,Familiar,UNKNOWN,2026-09-06T23:02:49.239515Z
1.0,PRODUCT,Y Combinator,https://www.ycombinator.com/companies/lumeria,Lumeria,UNKNOWN,2026-09-06T23:02:49.239543Z
1.0,PRODUCT,Y Combinator,https://www.ycombinator.com/companies/marengo,Marengo,UNKNOWN,2026-09-06T23:02:49.239569Z
1.0,PRODUCT,Y Combinator,https://www.ycombinator.com/companies/waybill,Waybill,UNKNOWN,2026-09-06T23:02:49.239598Z
1.0,PRODUCT,Y Combinator,https://www.ycombinator.com/companies/executor,Executor,UNKNOWN,2026-09-06T23:02:49.239626Z
1.0,PRODUCT,Y Combinator,https://www.ycombinator.com/companies/last-accounting-company,Last Accounting Company,UNKNOWN,2026-09-06T23:02:49.239655Z
1.0,PRODUCT,Y Combinator,https://www.ycombinator.com/companies/pacific,Pacific,UNKNOWN,2026-09-06T23:02:49.239683Z
1.0,PRODUCT,Y Combinator,https://www.ycombinator.com/companies/luca-iq,Luca IQ,UNKNOWN,2026-09-06T23:02:49.239713Z
1.0,PRODUCT,Y Combinator,https://www.ycombinator.com/companies/financial-datasets,Financial Datasets,UNKNOWN,2026-09-06T23:02:49.239742Z
1.0,PRODUCT,Y Combinator,https://www.ycombinator.com/companies/computable,Computable,UNKNOWN,2026-09-06T23:02:49.239772Z
1.0,PRODUCT,Y Combinator,https://www.ycombinator.com/companies/denta,Denta,UNKNOWN,2026-09-06T23:02:49.239783Z
1.0,PRODUCT,Y Combinator,https://www.ycombinator.com/companies/isengard-industries-inc,Isengard Industries Inc,UNKNOWN,2026-09-06T23:02:49.239814Z
1.0,PRODUCT,Y Combinator,https://www.ycombinator.com/companies/moving-atoms,Moving Atoms,UNKNOWN,2026-09-06T23:02:49.239843Z
1.0,PRODUCT,Y Combinator,https://www.ycombinator.com/companies/arbital,Arbital,UNKNOWN,2026-09-06T23:02:49.239872Z
1.0,PRODUCT,Y Combinator,https://www.ycombinator.com/companies/neuromorphic,Neuromorphic,UNKNOWN,2026-09-06T23:02:49.239997Z
1.0,PRODUCT,Y Combinator,https://www.ycombinator.com/companies/lato,LATO,UNKNOWN,2026-09-06T23:02:49.240011Z
1.0,PRODUCT,Y Combinator,https://www.ycombinator.com/companies/risklytics,Risklytics,UNKNOWN,2026-09-06T23:02:49.240042Z
1.0,PRODUCT,Y Combinator,https://www.ycombinator.com/companies/daqstra,Daqstra,UNKNOWN,2026-09-06T23:02:49.240071Z
1.0,PRODUCT,Y Combinator,https://www.ycombinator.com/companies/tenor,Tenor,UNKNOWN,2026-09-06T23:02:49.240083Z
1.0,PRODUCT,Y Combinator,https://www.ycombinator.com/companies/qlo,Qlo,UNKNOWN,2026-09-06T23:02:49.240094Z
1.0,PRODUCT,Y Combinator,https://www.ycombinator.com/companies/fabraix,Fabraix,UNKNOWN,2026-09-06T23:02:49.240122Z
1.0,PRODUCT,Y Combinator,https://www.ycombinator.com/companies/omanta,Omanta,UNKNOWN,2026-09-06T23:02:49.240151Z
1.0,PRODUCT,Y Combinator,https://www.ycombinator.com/companies/rational,Rational,UNKNOWN,2026-09-06T23:02:49.240183Z
1.0,PRODUCT,Y Combinator,https://www.ycombinator.com/companies/vendo,Vendo,UNKNOWN,2026-09-06T23:02:49.240195Z
1.0,PRODUCT,Y Combinator,https://www.ycombinator.com/companies/akon-labs,Akido Labs,UNKNOWN,2026-09-06T23:02:49.240228Z
1.0,PRODUCT,Y Combinator,https://www.ycombinator.com/companies/click,Click,UNKNOWN,2026-09-06T23:02:49.240240Z
1.0,PRODUCT,Y Combinator,https://www.ycombinator.com/companies/whitespace,Whitespace,UNKNOWN,2026-09-06T23:02:49.240268Z
1.0,PRODUCT,Y Combinator,https://www.ycombinator.com/companies/almanac,Almanac,UNKNOWN,2026-09-06T23:02:49.240301Z
1.0,PRODUCT,Y Combinator,https://www.ycombinator.com/companies/ooak-data,Ooak Data,UNKNOWN,2026-09-06T23:02:49.240331Z
1.0,PRODUCT,Y Combinator,https://www.ycombinator.com/companies/bloomy,Bloomy,UNKNOWN,2026-09-06T23:02:49.240360Z
1.0,PRODUCT,Y Combinator,https://www.ycombinator.com/companies/talentpluto,Pluto,UNKNOWN,2026-09-06T23:02:49.240373Z
1.0,PRODUCT,Y Combinator,https://www.ycombinator.com/companies/stratum-industries,Stratum Industries,UNKNOWN,2026-09-06T23:02:49.240403Z
1.0,PRODUCT,Y Combinator,https://www.ycombinator.com/companies/standard-machines,Standard Machines,UNKNOWN,2026-09-06T23:02:49.240434Z
1.0,PRODUCT,Y Combinator,https://www.ycombinator.com/companies/traceforce,Traceforce,UNKNOWN,2026-09-06T23:02:49.240462Z
1.0,PRODUCT,Y Combinator,https://www.ycombinator.com/companies/callbook-ai,Callbook AI,UNKNOWN,2026-09-06T23:02:49.240491Z
1.0,PRODUCT,Y Combinator,https://www.ycombinator.com/companies/definite,Definite,UNKNOWN,2026-09-06T23:02:49.240521Z
1.0,PRODUCT,Y Combinator,https://www.ycombinator.com/companies/alkera-ai,Alkera AI,UNKNOWN,2026-09-06T23:02:49.240551Z
1.0,PRODUCT,Y Combinator,https://www.ycombinator.com/companies/rasyn,Rasyn,UNKNOWN,2026-09-06T23:02:49.240564Z
1.0,PRODUCT,Y Combinator,https://www.ycombinator.com/companies/screenpipe,screenpipe,UNKNOWN,2026-09-06T23:02:49.240594Z
1.0,PRODUCT,Y Combinator,https://www.ycombinator.com/companies/zaplar,Zaplar,UNKNOWN,2026-09-06T23:02:49.240623Z
1.0,PRODUCT,Y Combinator,https://www.ycombinator.com/companies/prodigy-research,Prodigy Research,UNKNOWN,2026-09-06T23:02:49.240654Z
1.0,PRODUCT,Y Combinator,https://www.ycombinator.com/companies/touchmark,Touchmark,UNKNOWN,2026-09-06T23:02:49.240685Z
1.0,PRODUCT,Y Combinator,https://www.ycombinator.com/companies/exosat,Exosat,UNKNOWN,2026-09-06T23:02:49.240714Z
1.0,PRODUCT,Y Combinator,https://www.ycombinator.com/companies/contextdev,Context.dev,UNKNOWN,2026-09-06T23:02:49.240746Z
1.0,PRODUCT,Y Combinator,https://www.ycombinator.com/companies/glen,Glen,UNKNOWN,2026-09-06T23:02:49.240757Z
1.0,PRODUCT,Y Combinator,https://www.ycombinator.com/companies/stoa,Stoa,UNKNOWN,2026-09-06T23:02:49.240768Z
1.0,PRODUCT,Y Combinator,https://www.ycombinator.com/companies/joinmarble,Marble,UNKNOWN,2026-09-06T23:02:49.240798Z
1.0,PRODUCT,Y Combinator,https://www.ycombinator.com/companies/audun,Audun,UNKNOWN,2026-09-06T23:02:49.240808Z
1.0,PRODUCT,Y Combinator,https://www.ycombinator.com/companies/grocalo,Grocalo,UNKNOWN,2026-09-06T23:02:49.240839Z
1.0,PRODUCT,Y Combinator,https://www.ycombinator.com/companies/ai-coach,COACH,UNKNOWN,2026-09-06T23:02:49.240849Z
1.0,PRODUCT,Y Combinator,https://www.ycombinator.com/companies/deepreach-inc,DeepReach Inc.,UNKNOWN,2026-09-06T23:02:49.240884Z
1.0,PRODUCT,Y Combinator,https://www.ycombinator.com/companies/mochitv,MOCHI.TV,UNKNOWN,2026-09-06T23:02:49.240914Z
1.0,PRODUCT,Y Combinator,https://www.ycombinator.com/companies/alloovium,Alloovium,UNKNOWN,2026-09-06T23:02:49.240944Z
1.0,PRODUCT,Y Combinator,https://www.ycombinator.com/companies/mosaic-inc,Mosaic,UNKNOWN,2026-09-06T23:02:49.240975Z
1.0,PRODUCT,Y Combinator,https://www.ycombinator.com/companies/bizmark,Bizmark,UNKNOWN,2026-09-06T23:02:49.241005Z
1.0,PRODUCT,Y Combinator,https://www.ycombinator.com/companies/riften,Riften,UNKNOWN,2026-09-06T23:02:49.241036Z
1.0,PRODUCT,Y Combinator,https://www.ycombinator.com/companies/buildbox,Buildbox,UNKNOWN,2026-09-06T23:02:49.241070Z
1.0,PRODUCT,Y Combinator,https://www.ycombinator.com/companies/realpact,RealPact,UNKNOWN,2026-09-06T23:02:49.241102Z
1.0,PRODUCT,Y Combinator,https://www.ycombinator.com/companies/guild,GUILD,UNKNOWN,2026-09-06T23:02:49.241116Z
1.0,PRODUCT,Y Combinator,https://www.ycombinator.com/companies/instaplay,Instaplay,UNKNOWN,2026-09-06T23:02:49.241147Z
1.0,PRODUCT,Y Combinator,https://www.ycombinator.com/companies/impact-drones,IMPACT Drones,UNKNOWN,2026-09-06T23:02:49.241178Z
1.0,PRODUCT,Y Combinator,https://www.ycombinator.com/companies/insurf,Insurf,UNKNOWN,2026-09-06T23:02:49.241210Z
1.0,PRODUCT,Y Combinator,https://www.ycombinator.com/companies/jcode,Jcode,UNKNOWN,2026-09-06T23:02:49.241221Z
1.0,PRODUCT,Y Combinator,https://www.ycombinator.com/companies/lemonlime,LemonLime,UNKNOWN,2026-09-06T23:02:49.241260Z
1.0,PRODUCT,Y Combinator,https://www.ycombinator.com/companies/speko,Speko,UNKNOWN,2026-09-06T23:02:49.241274Z
1.0,PRODUCT,Y Combinator,https://www.ycombinator.com/companies/synapse-semiconductor,Synapse Semiconductor,UNKNOWN,2026-09-06T23:02:49.241306Z
1.0,PRODUCT,Y Combinator,https://www.ycombinator.com/companies/orchestra,Orchestra,UNKNOWN,2026-09-06T23:02:49.241340Z
1.0,PRODUCT,Y Combinator,https://www.ycombinator.com/companies/studio,Studio,UNKNOWN,2026-09-06T23:02:49.241371Z
1.0,PRODUCT,Y Combinator,https://www.ycombinator.com/companies/bernard,Bernard,UNKNOWN,2026-09-06T23:02:49.241404Z
1.0,PRODUCT,Y Combinator,https://www.ycombinator.com/companies/maingen,Maingen,UNKNOWN,2026-09-06T23:02:49.241434Z
1.0,PRODUCT,Y Combinator,https://www.ycombinator.com/companies/enact,Enact,UNKNOWN,2026-09-06T23:02:49.241446Z
1.0,PRODUCT,Y Combinator,https://www.ycombinator.com/companies/rex-inc,Rex,UNKNOWN,2026-09-06T23:02:49.241459Z
1.0,PRODUCT,Y Combinator,https://www.ycombinator.com/companies/zomma,Zomma,UNKNOWN,2026-09-06T23:02:49.241470Z
1.0,PRODUCT,Y Combinator,https://www.ycombinator.com/companies/nebula-security,Nebula Security,UNKNOWN,2026-09-06T23:02:49.241503Z
1.0,PRODUCT,Y Combinator,https://www.ycombinator.com/companies/palisade,Palisade,UNKNOWN,2026-09-06T23:02:49.241513Z
1.0,PRODUCT,Y Combinator,https://www.ycombinator.com/companies/trope,Trope,UNKNOWN,2026-09-06T23:02:49.241523Z
1.0,PRODUCT,Y Combinator,https://www.ycombinator.com/companies/parasma,Parasma,UNKNOWN,2026-09-06T23:02:49.241555Z
1.0,PRODUCT,Y Combinator,https://www.ycombinator.com/companies/olam-labs,Olam Labs,UNKNOWN,2026-09-06T23:02:49.241588Z
1.0,PRODUCT,Y Combinator,https://www.ycombinator.com/companies/egoist-machines,Egoist Machines,UNKNOWN,2026-09-06T23:02:49.241622Z
1.0,PRODUCT,Y Combinator,https://www.ycombinator.com/companies/perceptron-ml,Perceptron ML,UNKNOWN,2026-09-06T23:02:49.241656Z
1.0,PRODUCT,Y Combinator,https://www.ycombinator.com/companies/erinys,Erinys,UNKNOWN,2026-09-06T23:02:49.241688Z
1.0,PRODUCT,Y Combinator,https://www.ycombinator.com/companies/donkey,Donkey,UNKNOWN,2026-09-06T23:02:49.241720Z
1.0,PRODUCT,Y Combinator,https://www.ycombinator.com/companies/hoplite,Hoplite,UNKNOWN,2026-09-06T23:02:49.241752Z
1.0,PRODUCT,Y Combinator,https://www.ycombinator.com/companies/pango,Pango,UNKNOWN,2026-09-06T23:02:49.241762Z
1.0,PRODUCT,Y Combinator,https://www.ycombinator.com/companies/torus,Torus,UNKNOWN,2026-09-06T23:02:49.241774Z
1.0,PRODUCT,Y Combinator,https://www.ycombinator.com/companies/kebra,Kebra,UNKNOWN,2026-09-06T23:02:49.241786Z
1.0,PRODUCT,Y Combinator,https://www.ycombinator.com/companies/gitcafe,GitCafe,UNKNOWN,2026-09-06T23:02:49.241821Z
1.0,PRODUCT,Y Combinator,https://www.ycombinator.com/companies/rindler,Rindler,UNKNOWN,2026-09-06T23:02:49.241852Z
1.0,PRODUCT,Y Combinator,https://www.ycombinator.com/companies/proprio-robotics,Proprio Robotics,UNKNOWN,2026-09-06T23:02:49.241885Z
1.0,PRODUCT,Y Combinator,https://www.ycombinator.com/companies/amorphic-labs,Amorphic Labs,UNKNOWN,2026-09-06T23:02:49.241919Z
1.0,PRODUCT,Y Combinator,https://www.ycombinator.com/companies/rekursivai,rekursiv.ai,UNKNOWN,2026-09-06T23:02:49.241951Z
1.0,PRODUCT,Y Combinator,https://www.ycombinator.com/companies/playablai,Playabl.ai,UNKNOWN,2026-09-06T23:02:49.241986Z
1.0,PRODUCT,Y Combinator,https://www.ycombinator.com/companies/enjamb-labs,Enjamb Labs,UNKNOWN,2026-09-06T23:02:49.242018Z
1.0,PRODUCT,Y Combinator,https://www.ycombinator.com/companies/trident,Trident,UNKNOWN,2026-09-06T23:02:49.242052Z
1.0,PRODUCT,Y Combinator,https://www.ycombinator.com/companies/revnu,Revnu,UNKNOWN,2026-09-06T23:02:49.242134Z
1.0,PRODUCT,Y Combinator,https://www.ycombinator.com/companies/uno-wallet,Uno Wallet,UNKNOWN,2026-09-06T23:02:49.242172Z
1.0,PRODUCT,Y Combinator,https://www.ycombinator.com/companies/tolmo,Tolmo,UNKNOWN,2026-09-06T23:02:49.242236Z
1.0,PRODUCT,Y Combinator,https://www.ycombinator.com/companies/pops,Pops,UNKNOWN,2026-09-06T23:02:49.242332Z
1.0,PRODUCT,Y Combinator,https://www.ycombinator.com/companies/armature,Armature,UNKNOWN,2026-09-06T23:02:49.242452Z
1.0,PRODUCT,Y Combinator,https://www.ycombinator.com/companies/collar,Collar,UNKNOWN,2026-09-06T23:02:49.242504Z
1.0,PRODUCT,Y Combinator,https://www.ycombinator.com/companies/degla-inc,Degla Inc,UNKNOWN,2026-09-06T23:02:49.242517Z
1.0,PRODUCT,Y Combinator,https://www.ycombinator.com/companies/archer,Archer,UNKNOWN,2026-09-06T23:02:49.242552Z
1.0,PRODUCT,Y Combinator,https://www.ycombinator.com/companies/infera,Infera,UNKNOWN,2026-09-06T23:02:49.242589Z
1.0,PRODUCT,Y Combinator,https://www.ycombinator.com/companies/keyframe-labs,Keyframe Labs,UNKNOWN,2026-09-06T23:02:49.242626Z
1.0,PRODUCT,Y Combinator,https://www.ycombinator.com/companies/ontora,Ontora,UNKNOWN,2026-09-06T23:02:49.242661Z
1.0,PRODUCT,Y Combinator,https://www.ycombinator.com/companies/lab0,Lab0,UNKNOWN,2026-09-06T23:02:49.242780Z
1.0,PRODUCT,Y Combinator,https://www.ycombinator.com/companies/kimpton,Kimpton,UNKNOWN,2026-09-06T23:02:49.242815Z
1.0,PRODUCT,Y Combinator,https://www.ycombinator.com/companies/stablebrowse,StableBrowse,UNKNOWN,2026-09-06T23:02:49.242852Z
1.0,PRODUCT,Y Combinator,https://www.ycombinator.com/companies/userlens,Userlens,UNKNOWN,2026-09-06T23:02:49.242891Z
1.0,PRODUCT,Y Combinator,https://www.ycombinator.com/companies/superlog,Superlog,UNKNOWN,2026-09-06T23:02:49.242935Z
1.0,PRODUCT,Y Combinator,https://www.ycombinator.com/companies/godhands,GodHands,UNKNOWN,2026-09-06T23:02:49.242972Z
1.0,PRODUCT,Y Combinator,https://www.ycombinator.com/companies/light-anchor,Light Anchor,UNKNOWN,2026-09-06T23:02:49.243008Z
1.0,PRODUCT,Y Combinator,https://www.ycombinator.com/companies/hub,Hub,UNKNOWN,2026-09-06T23:02:49.243109Z
1.0,PRODUCT,Y Combinator,https://www.ycombinator.com/companies/zenbu-2,Zenbu,UNKNOWN,2026-09-06T23:02:49.243121Z
1.0,PRODUCT,Y Combinator,https://www.ycombinator.com/companies/discovered-materials,Discovered Materials,UNKNOWN,2026-09-06T23:02:49.243159Z
1.0,PRODUCT,Y Combinator,https://www.ycombinator.com/companies/twolabs,Twolabs,UNKNOWN,2026-09-06T23:02:49.243203Z
1.0,PRODUCT,Y Combinator,https://www.ycombinator.com/companies/marker,Marker,UNKNOWN,2026-09-06T23:02:49.243238Z
1.0,PRODUCT,Y Combinator,https://www.ycombinator.com/companies/palette-2,Palette,UNKNOWN,2026-09-06T23:02:49.243274Z
1.0,PRODUCT,Y Combinator,https://www.ycombinator.com/companies/multiplier,Multiplier,UNKNOWN,2026-09-06T23:02:49.243312Z
1.0,PRODUCT,Y Combinator,https://www.ycombinator.com/companies/osmaura,Osmaura,UNKNOWN,2026-09-06T23:02:49.243349Z
1.0,PRODUCT,Y Combinator,https://www.ycombinator.com/companies/most-robotic,Most Robotic,UNKNOWN,2026-09-06T23:02:49.243387Z
1.0,PRODUCT,Y Combinator,https://www.ycombinator.com/companies/illume-labs,Illume Labs,UNKNOWN,2026-09-06T23:02:49.243424Z
1.0,PRODUCT,Y Combinator,https://www.ycombinator.com/companies/perfectbit-inc,"PerfectBit, Inc.",UNKNOWN,2026-09-06T23:02:49.243465Z
1.0,PRODUCT,Y Combinator,https://www.ycombinator.com/companies/hedge,Hedge,UNKNOWN,2026-09-06T23:02:49.243482Z
1.0,PRODUCT,Y Combinator,https://www.ycombinator.com/companies/litmus-hiring,Litmus,UNKNOWN,2026-09-06T23:02:49.243520Z
1.0,PRODUCT,Y Combinator,https://www.ycombinator.com/companies/shofo,Shofo,UNKNOWN,2026-09-06T23:02:49.243537Z
1.0,PRODUCT,Y Combinator,https://www.ycombinator.com/companies/carrot-labs,Carrot Labs,UNKNOWN,2026-09-06T23:02:49.243578Z
1.0,PRODUCT,Y Combinator,https://www.ycombinator.com/companies/ossus,Ossus,UNKNOWN,2026-09-06T23:02:49.243593Z
1.0,PRODUCT,Y Combinator,https://www.ycombinator.com/companies/dipole-labs,Dipole Labs,UNKNOWN,2026-09-06T23:02:49.243634Z
1.0,PRODUCT,Y Combinator,https://www.ycombinator.com/companies/poth-labs,Poth Labs,UNKNOWN,2026-09-06T23:02:49.243675Z
1.0,PRODUCT,Y Combinator,https://www.ycombinator.com/companies/cova,Cova,UNKNOWN,2026-09-06T23:02:49.243692Z
1.0,PRODUCT,Y Combinator,https://www.ycombinator.com/companies/veriad,Veriad,UNKNOWN,2026-09-06T23:02:49.243729Z
1.0,PRODUCT,Y Combinator,https://www.ycombinator.com/companies/talking-computers,Talking Computers,UNKNOWN,2026-09-06T23:02:49.243796Z
1.0,PRODUCT,Y Combinator,https://www.ycombinator.com/companies/tsenta,Tsenta,UNKNOWN,2026-09-06T23:02:49.243835Z
1.0,PRODUCT,Y Combinator,https://www.ycombinator.com/companies/dream,Dream,UNKNOWN,2026-09-06T23:02:49.243848Z
1.0,PRODUCT,Y Combinator,https://www.ycombinator.com/companies/atlia,Atlia,UNKNOWN,2026-09-06T23:02:49.243861Z
1.0,PRODUCT,Y Combinator,https://www.ycombinator.com/companies/grade,Grade,UNKNOWN,2026-09-06T23:02:49.243873Z
1.0,PRODUCT,Y Combinator,https://www.ycombinator.com/companies/inth,Inth,UNKNOWN,2026-09-06T23:02:49.243886Z
1.0,PRODUCT,Y Combinator,https://www.ycombinator.com/companies/turnstone,Turnstone,UNKNOWN,2026-09-06T23:02:49.243925Z
1.0,PRODUCT,Y Combinator,https://www.ycombinator.com/companies/foreman,Foreman,UNKNOWN,2026-09-06T23:02:49.243961Z
1.0,PRODUCT,Y Combinator,https://www.ycombinator.com/companies/corelayer,Corelayer,UNKNOWN,2026-09-06T23:02:49.243997Z
1.0,PRODUCT,Y Combinator,https://www.ycombinator.com/companies/o11,o11,UNKNOWN,2026-09-06T23:02:49.244010Z
1.0,PRODUCT,Y Combinator,https://www.ycombinator.com/companies/libra-robotics,Lambda Robotics,UNKNOWN,2026-09-06T23:02:49.244049Z
1.0,PRODUCT,Y Combinator,https://www.ycombinator.com/companies/servo7,Servo7,UNKNOWN,2026-09-06T23:02:49.244085Z
1.0,PRODUCT,Y Combinator,https://www.ycombinator.com/companies/datoric,Datoric,UNKNOWN,2026-09-06T23:02:49.244121Z
1.0,PRODUCT,Y Combinator,https://www.ycombinator.com/companies/superset,Superset,UNKNOWN,2026-09-06T23:02:49.244160Z
1.0,PRODUCT,Y Combinator,https://www.ycombinator.com/companies/voxel-energy,Voxel Energy,UNKNOWN,2026-09-06T23:02:49.244205Z
1.0,PRODUCT,Y Combinator,https://www.ycombinator.com/companies/archal,Archal,UNKNOWN,2026-09-06T23:02:49.244242Z
1.0,PRODUCT,Y Combinator,https://www.ycombinator.com/companies/bubble-lab,Bubble Lab,UNKNOWN,2026-09-06T23:02:49.244279Z
1.0,PRODUCT,Y Combinator,https://www.ycombinator.com/companies/sitefire,Sitefire,UNKNOWN,2026-09-06T23:02:49.244315Z
1.0,PRODUCT,Y Combinator,https://www.ycombinator.com/companies/ressl-ai,Ressl AI,UNKNOWN,2026-09-06T23:02:49.244353Z
1.0,PRODUCT,Y Combinator,https://www.ycombinator.com/companies/inventoryquant,InventoryQuant,UNKNOWN,2026-09-06T23:02:49.244390Z
1.0,PRODUCT,Y Combinator,https://www.ycombinator.com/companies/approxima,Approxima,UNKNOWN,2026-09-06T23:02:49.244428Z
1.0,PRODUCT,Y Combinator,https://www.ycombinator.com/companies/traverse,Traverse,UNKNOWN,2026-09-06T23:02:49.244466Z
1.0,PRODUCT,Y Combinator,https://www.ycombinator.com/companies/revion,Revion,UNKNOWN,2026-09-06T23:02:49.244504Z
1.0,PRODUCT,Y Combinator,https://www.ycombinator.com/companies/fenrock-ai,Fenrock AI,UNKNOWN,2026-09-06T23:02:49.244541Z
1.0,PRODUCT,Y Combinator,https://www.ycombinator.com/companies/assemble,Assemble,UNKNOWN,2026-09-06T23:02:49.244578Z
1.0,PRODUCT,Y Combinator,https://www.ycombinator.com/companies/visibl-semiconductors,Visibl Semiconductors,UNKNOWN,2026-09-06T23:02:49.244615Z
1.0,PRODUCT,Y Combinator,https://www.ycombinator.com/companies/seeing-systems,Seeing Systems,UNKNOWN,2026-09-06T23:02:49.244655Z
1.0,PRODUCT,Y Combinator,https://www.ycombinator.com/companies/instinct-xyz,Instinct,UNKNOWN,2026-09-06T23:02:49.244692Z
1.0,PRODUCT,Y Combinator,https://www.ycombinator.com/companies/brownie,IncidentFox,UNKNOWN,2026-09-06T23:02:49.244731Z
1.0,PRODUCT,Y Combinator,https://www.ycombinator.com/companies/rapidfolio,Rapidfolio,UNKNOWN,2026-09-06T23:02:49.244769Z
1.0,PRODUCT,Y Combinator,https://www.ycombinator.com/companies/salus,Salus,UNKNOWN,2026-09-06T23:02:49.244781Z
1.0,PRODUCT,Y Combinator,https://www.ycombinator.com/companies/ramain,RamAIn,UNKNOWN,2026-09-06T23:02:49.244820Z
1.0,PRODUCT,Y Combinator,https://www.ycombinator.com/companies/ashr,Ashr,UNKNOWN,2026-09-06T23:02:49.244831Z
1.0,PRODUCT,Y Combinator,https://www.ycombinator.com/companies/pirislabs,Piris Labs,UNKNOWN,2026-09-06T23:02:49.244870Z
1.0,PRODUCT,Y Combinator,https://www.ycombinator.com/companies/10x-science,10x Science,UNKNOWN,2026-09-06T23:02:49.244908Z
1.0,PRODUCT,Y Combinator,https://www.ycombinator.com/companies/imperfect,Imperfect,UNKNOWN,2026-09-06T23:02:49.244948Z
1.0,PRODUCT,Y Combinator,https://www.ycombinator.com/companies/onetriangle,OneTriangle,UNKNOWN,2026-09-06T23:02:49.244986Z
1.0,PRODUCT,Y Combinator,https://www.ycombinator.com/companies/corvera,Corvera,UNKNOWN,2026-09-06T23:02:49.245025Z
1.0,PRODUCT,Y Combinator,https://www.ycombinator.com/companies/linzumi,Linzumi,UNKNOWN,2026-09-06T23:02:49.245062Z
1.0,PRODUCT,Y Combinator,https://www.ycombinator.com/companies/haladir,Haladir,UNKNOWN,2026-09-06T23:02:49.245100Z
1.0,PRODUCT,Y Combinator,https://www.ycombinator.com/companies/claimglide,ClaimGlide,UNKNOWN,2026-09-06T23:02:49.245137Z
1.0,PRODUCT,Y Combinator,https://www.ycombinator.com/companies/ndea-com,Ndea,UNKNOWN,2026-09-06T23:02:49.245148Z
1.0,PRODUCT,Y Combinator,https://www.ycombinator.com/companies/rivet-design,Rivet,UNKNOWN,2026-09-06T23:02:49.245165Z
1.0,PRODUCT,Y Combinator,https://www.ycombinator.com/companies/openroll,Openroll,UNKNOWN,2026-09-06T23:02:49.245202Z
1.0,PRODUCT,Y Combinator,https://www.ycombinator.com/companies/amika,Amika,UNKNOWN,2026-09-06T23:02:49.245214Z
1.0,PRODUCT,Y Combinator,https://www.ycombinator.com/companies/moss,Moss,UNKNOWN,2026-09-06T23:02:49.245226Z
1.0,PRODUCT,Y Combinator,https://www.ycombinator.com/companies/zarna,Zarna,UNKNOWN,2026-09-06T23:02:49.245237Z
1.0,PRODUCT,Y Combinator,https://www.ycombinator.com/companies/markit,MarkIt,UNKNOWN,2026-09-06T23:02:49.245277Z
1.0,PRODUCT,Y Combinator,https://www.ycombinator.com/companies/clicks-health,Clicks Health,UNKNOWN,2026-09-06T23:02:49.245316Z
1.0,PRODUCT,Y Combinator,https://www.ycombinator.com/companies/fastshot,Fastshot,UNKNOWN,2026-09-06T23:02:49.245356Z
1.0,PRODUCT,Y Combinator,https://www.ycombinator.com/companies/antigen,Antigen,UNKNOWN,2026-09-06T23:02:49.245394Z
1.0,PRODUCT,Y Combinator,https://www.ycombinator.com/companies/lunabill,LunaBill,UNKNOWN,2026-09-06T23:02:49.245434Z
1.0,PRODUCT,Y Combinator,https://www.ycombinator.com/companies/axial,Axial,UNKNOWN,2026-09-06T23:02:49.245446Z
1.0,PRODUCT,Y Combinator,https://www.ycombinator.com/companies/velvet,Velvet,UNKNOWN,2026-09-06T23:02:49.245486Z
1.0,PRODUCT,Y Combinator,https://www.ycombinator.com/companies/diligencesquared-inc,DiligenceSquared,UNKNOWN,2026-09-06T23:02:49.245526Z
1.0,PRODUCT,Y Combinator,https://www.ycombinator.com/companies/layers,Layers,UNKNOWN,2026-09-06T23:02:49.245566Z
1.0,PRODUCT,Y Combinator,https://www.ycombinator.com/companies/boom-ai,Boom AI,UNKNOWN,2026-09-06T23:02:49.245606Z
1.0,PRODUCT,Y Combinator,https://www.ycombinator.com/companies/freeport-markets,Freeport Markets,UNKNOWN,2026-09-06T23:02:49.245645Z
1.0,PRODUCT,Y Combinator,https://www.ycombinator.com/companies/madethis,MadeThis,UNKNOWN,2026-09-06T23:02:49.245685Z
1.0,PRODUCT,Y Combinator,https://www.ycombinator.com/companies/uselemma,Lemma,UNKNOWN,2026-09-06T23:02:49.245697Z
1.0,PRODUCT,Y Combinator,https://www.ycombinator.com/companies/perseus,Perseus,UNKNOWN,2026-09-06T23:02:49.245737Z
1.0,PRODUCT,Y Combinator,https://www.ycombinator.com/companies/denki,Denki,UNKNOWN,2026-09-06T23:02:49.245748Z
1.0,PRODUCT,Y Combinator,https://www.ycombinator.com/companies/specific,Specific,UNKNOWN,2026-09-06T23:02:49.245789Z
1.0,PRODUCT,Y Combinator,https://www.ycombinator.com/companies/relaw,Relaw,UNKNOWN,2026-09-06T23:02:49.245802Z
1.0,PRODUCT,Y Combinator,https://www.ycombinator.com/companies/usenarrative,Narrative,UNKNOWN,2026-09-06T23:02:49.245903Z
1.0,PRODUCT,Y Combinator,https://www.ycombinator.com/companies/philon,Philon,UNKNOWN,2026-09-06T23:02:49.245946Z
1.0,PRODUCT,Y Combinator,https://www.ycombinator.com/companies/sourcebot,Sourcebot,UNKNOWN,2026-09-06T23:02:49.245988Z
1.0,PRODUCT,Y Combinator,https://www.ycombinator.com/companies/aside,Aside,UNKNOWN,2026-09-06T23:02:49.246000Z
1.0,PRODUCT,Y Combinator,https://www.ycombinator.com/companies/imagine-ai,Imagine AI,UNKNOWN,2026-09-06T23:02:49.246040Z
1.0,PRODUCT,Y Combinator,https://www.ycombinator.com/companies/anto-biosciences,Anto Biosciences,UNKNOWN,2026-09-06T23:02:49.246079Z
1.0,PRODUCT,Y Combinator,https://www.ycombinator.com/companies/patent-watch,Patent Watch,UNKNOWN,2026-09-06T23:02:49.246120Z
1.0,PRODUCT,Y Combinator,https://www.ycombinator.com/companies/leadbay,Leadbay,UNKNOWN,2026-09-06T23:02:49.246161Z
1.0,PRODUCT,Y Combinator,https://www.ycombinator.com/companies/pixley-ai,Pixley AI,UNKNOWN,2026-09-06T23:02:49.246209Z
1.0,PRODUCT,Y Combinator,https://www.ycombinator.com/companies/cortex-ai,Cortex AI,UNKNOWN,2026-09-06T23:02:49.246252Z
1.0,PRODUCT,Y Combinator,https://www.ycombinator.com/companies/radiusbrowser,Radius,UNKNOWN,2026-09-06T23:02:49.246291Z
1.0,PRODUCT,Y Combinator,https://www.ycombinator.com/companies/thesis,Thesis,UNKNOWN,2026-09-06T23:02:49.246331Z
1.0,PRODUCT,Y Combinator,https://www.ycombinator.com/companies/frontier-computing,Frontier Computing,UNKNOWN,2026-09-06T23:02:49.246371Z
1.0,PRODUCT,Y Combinator,https://www.ycombinator.com/companies/compyle,Compyle,UNKNOWN,2026-09-06T23:02:49.246411Z
1.0,PRODUCT,Y Combinator,https://www.ycombinator.com/companies/lexi,Lexi,UNKNOWN,2026-09-06T23:02:49.246424Z
1.0,PRODUCT,Y Combinator,https://www.ycombinator.com/companies/codyco,Codyco,UNKNOWN,2026-09-06T23:02:49.246464Z
1.0,PRODUCT,Y Combinator,https://www.ycombinator.com/companies/complydo,ComplyDo,UNKNOWN,2026-09-06T23:02:49.246505Z
1.0,PRODUCT,Y Combinator,https://www.ycombinator.com/companies/finaldose,FinalDose,UNKNOWN,2026-09-06T23:02:49.246545Z
1.0,PRODUCT,Y Combinator,https://www.ycombinator.com/companies/redapto,Redapto,UNKNOWN,2026-09-06T23:02:49.246584Z
1.0,PRODUCT,Y Combinator,https://www.ycombinator.com/companies/helonic,Helonic,UNKNOWN,2026-09-06T23:02:49.246625Z
1.0,PRODUCT,Y Combinator,https://www.ycombinator.com/companies/aleph-lab,Aleph Lab,UNKNOWN,2026-09-06T23:02:49.246666Z
1.0,PRODUCT,Y Combinator,https://www.ycombinator.com/companies/logical,Logical,UNKNOWN,2026-09-06T23:02:49.246730Z
1.0,PRODUCT,Y Combinator,https://www.ycombinator.com/companies/agentic-fabriq,Agentic Fabriq,UNKNOWN,2026-09-06T23:02:49.246793Z
1.0,PRODUCT,Y Combinator,https://www.ycombinator.com/companies/logosguard,LogosGuard,UNKNOWN,2026-09-06T23:02:49.246854Z
1.0,PRODUCT,Y Combinator,https://www.ycombinator.com/companies/sciloop,Sciloop,UNKNOWN,2026-09-06T23:02:49.246916Z
1.0,PRODUCT,Y Combinator,https://www.ycombinator.com/companies/allus-ai,Allus AI,UNKNOWN,2026-09-06T23:02:49.246973Z
1.0,PRODUCT,Y Combinator,https://www.ycombinator.com/companies/unsiloed-ai,Unsiloed AI,UNKNOWN,2026-09-06T23:02:49.247030Z
1.0,PRODUCT,Y Combinator,https://www.ycombinator.com/companies/nivara,Nivara,UNKNOWN,2026-09-06T23:02:49.247088Z
1.0,PRODUCT,Y Combinator,https://www.ycombinator.com/companies/sellraze,SellRaze,UNKNOWN,2026-09-06T23:02:49.247140Z
1.0,PRODUCT,Y Combinator,https://www.ycombinator.com/companies/clerked,Clerked,UNKNOWN,2026-09-06T23:02:49.247197Z
1.0,PRODUCT,Y Combinator,https://www.ycombinator.com/companies/semble,Assemble,UNKNOWN,2026-09-06T23:02:49.247258Z
1.0,PRODUCT,Y Combinator,https://www.ycombinator.com/companies/flick,Flick,UNKNOWN,2026-09-06T23:02:49.247281Z
1.0,PRODUCT,Y Combinator,https://www.ycombinator.com/companies/trelium,Trelium,UNKNOWN,2026-09-06T23:02:49.247340Z
1.0,PRODUCT,Y Combinator,https://www.ycombinator.com/companies/veria-labs,Veria Labs,UNKNOWN,2026-09-06T23:02:49.247398Z
1.0,PRODUCT,Y Combinator,https://www.ycombinator.com/companies/tell-if-ai,Tell if AI,UNKNOWN,2026-09-06T23:02:49.247460Z
1.0,PRODUCT,Y Combinator,https://www.ycombinator.com/companies/bron,Bron,UNKNOWN,2026-09-06T23:02:49.247480Z
1.0,PRODUCT,Y Combinator,https://www.ycombinator.com/companies/norra,Norra,UNKNOWN,2026-09-06T23:02:49.247500Z
1.0,PRODUCT,Y Combinator,https://www.ycombinator.com/companies/soren,Soren,UNKNOWN,2026-09-06T23:02:49.247518Z
1.0,PRODUCT,Y Combinator,https://www.ycombinator.com/companies/the-context-company,The Context Company,UNKNOWN,2026-09-06T23:02:49.247578Z
1.0,PRODUCT,Y Combinator,https://www.ycombinator.com/companies/sorce,Sorce,UNKNOWN,2026-09-06T23:02:49.247599Z
1.0,PRODUCT,Y Combinator,https://www.ycombinator.com/companies/caddy,Caddy,UNKNOWN,2026-09-06T23:02:49.247617Z
1.0,PRODUCT,Y Combinator,https://www.ycombinator.com/companies/locus,Locus,UNKNOWN,2026-09-06T23:02:49.247635Z
1.0,PRODUCT,Y Combinator,https://www.ycombinator.com/companies/scoop,Scoop,UNKNOWN,2026-09-06T23:02:49.247653Z
1.0,PRODUCT,Y Combinator,https://www.ycombinator.com/companies/hyperspell,Hyperspell,UNKNOWN,2026-09-06T23:02:49.247718Z
1.0,PRODUCT,Y Combinator,https://www.ycombinator.com/companies/bolna-ai,Bolna AI,UNKNOWN,2026-09-06T23:02:49.247779Z
1.0,PRODUCT,Y Combinator,https://www.ycombinator.com/companies/gpt,Nexus,UNKNOWN,2026-09-06T23:02:49.247800Z
1.0,PRODUCT,Y Combinator,https://www.ycombinator.com/companies/zavo,Zavo,UNKNOWN,2026-09-06T23:02:49.247817Z
1.0,PRODUCT,Y Combinator,https://www.ycombinator.com/companies/movedot,MOVEdot,UNKNOWN,2026-09-06T23:02:49.247876Z
1.0,PRODUCT,Y Combinator,https://www.ycombinator.com/companies/structured-ai,Structured AI,UNKNOWN,2026-09-06T23:02:49.247934Z
1.0,PRODUCT,Y Combinator,https://www.ycombinator.com/companies/uplane,Uplane,UNKNOWN,2026-09-06T23:02:49.247994Z
1.0,PRODUCT,Y Combinator,https://www.ycombinator.com/companies/brickanta,Brickanta,UNKNOWN,2026-09-06T23:02:49.248056Z
1.0,PRODUCT,Y Combinator,https://www.ycombinator.com/companies/f2,F2,UNKNOWN,2026-09-06T23:02:49.248077Z
1.0,PRODUCT,Y Combinator,https://www.ycombinator.com/companies/lapis,Lapis,UNKNOWN,2026-09-06T23:02:49.248096Z
1.0,PRODUCT,Y Combinator,https://www.ycombinator.com/companies/digipals,Digipals,UNKNOWN,2026-09-06T23:02:49.248156Z
1.0,PRODUCT,Y Combinator,https://www.ycombinator.com/companies/blue,Blue,UNKNOWN,2026-09-06T23:02:49.248173Z
1.0,PRODUCT,Y Combinator,https://www.ycombinator.com/companies/mixy,Mixy,UNKNOWN,2026-09-06T23:02:49.248202Z
1.0,PRODUCT,Y Combinator,https://www.ycombinator.com/companies/paloma,Paloma,UNKNOWN,2026-09-06T23:02:49.248266Z
1.0,PRODUCT,Y Combinator,https://www.ycombinator.com/companies/luminal,Luminal,UNKNOWN,2026-09-06T23:02:49.248328Z
1.0,PRODUCT,Y Combinator,https://www.ycombinator.com/companies/burnt,burnt,UNKNOWN,2026-09-06T23:02:49.248349Z
1.0,PRODUCT,Y Combinator,https://www.ycombinator.com/companies/veritus,Veritus,UNKNOWN,2026-09-06T23:02:49.248408Z
1.0,PRODUCT,Y Combinator,https://www.ycombinator.com/companies/outrove,Sapien,UNKNOWN,2026-09-06T23:02:49.248470Z
1.0,PRODUCT,Y Combinator,https://www.ycombinator.com/companies/noso-labs,NOSO LABS,UNKNOWN,2026-09-06T23:02:49.248529Z
1.0,PRODUCT,Y Combinator,https://www.ycombinator.com/companies/geo-ai,Bizzy AI,UNKNOWN,2026-09-06T23:02:49.248589Z
1.0,PRODUCT,Y Combinator,https://www.ycombinator.com/companies/interfere,Interfere,UNKNOWN,2026-09-06T23:02:49.248652Z
1.0,PRODUCT,Y Combinator,https://www.ycombinator.com/companies/rowflow,RowFlow,UNKNOWN,2026-09-06T23:02:49.248713Z
1.0,PRODUCT,Y Combinator,https://www.ycombinator.com/companies/tectoai,TectoAI,UNKNOWN,2026-09-06T23:02:49.248775Z
1.0,PRODUCT,Y Combinator,https://www.ycombinator.com/companies/modelence,Modelence,UNKNOWN,2026-09-06T23:02:49.248833Z
1.0,PRODUCT,Y Combinator,https://www.ycombinator.com/companies/fleetline,Fleetline,UNKNOWN,2026-09-06T23:02:49.248894Z
1.0,PRODUCT,Y Combinator,https://www.ycombinator.com/companies/clodo,CLODO,UNKNOWN,2026-09-06T23:02:49.248915Z
1.0,PRODUCT,Y Combinator,https://www.ycombinator.com/companies/okibi,Okibi,UNKNOWN,2026-09-06T23:02:49.248933Z
1.0,PRODUCT,Y Combinator,https://www.ycombinator.com/companies/rebulk,Rebulk,UNKNOWN,2026-09-06T23:02:49.248996Z
1.0,PRODUCT,Y Combinator,https://www.ycombinator.com/companies/kernel,KERNEL,UNKNOWN,2026-09-06T23:02:49.249057Z
1.0,PRODUCT,Y Combinator,https://www.ycombinator.com/companies/reacher,Reacher,UNKNOWN,2026-09-06T23:02:49.249119Z
1.0,PRODUCT,Y Combinator,https://www.ycombinator.com/companies/certus-ai,Certus AI,UNKNOWN,2026-09-06T23:02:49.249181Z
1.0,PRODUCT,Y Combinator,https://www.ycombinator.com/companies/notte,Notte,UNKNOWN,2026-09-06T23:02:49.249199Z
1.0,PRODUCT,Y Combinator,https://www.ycombinator.com/companies/pally,Pally,UNKNOWN,2026-09-06T23:02:49.249217Z
1.0,PRODUCT,Y Combinator,https://www.ycombinator.com/companies/pleom,Pleom,UNKNOWN,2026-09-06T23:02:49.249236Z
1.0,PRODUCT,Y Combinator,https://www.ycombinator.com/companies/sigmanticai,Simantic,UNKNOWN,2026-09-06T23:02:49.249298Z
1.0,PRODUCT,Y Combinator,https://www.ycombinator.com/companies/quotain,Quotain,UNKNOWN,2026-09-06T23:02:49.249363Z
1.0,PRODUCT,Y Combinator,https://www.ycombinator.com/companies/altur,Altur,UNKNOWN,2026-09-06T23:02:49.249383Z
1.0,PRODUCT,Y Combinator,https://www.ycombinator.com/companies/pares-ai,PARES AI,UNKNOWN,2026-09-06T23:02:49.249446Z
1.0,PRODUCT,Y Combinator,https://www.ycombinator.com/companies/evergrove,Evergrove,UNKNOWN,2026-09-06T23:02:49.249510Z
1.0,PRODUCT,Y Combinator,https://www.ycombinator.com/companies/humoniq,Humoniq,UNKNOWN,2026-09-06T23:02:49.249572Z
1.0,PRODUCT,Y Combinator,https://www.ycombinator.com/companies/maximal,Axial,UNKNOWN,2026-09-06T23:02:49.249636Z
1.0,PRODUCT,Y Combinator,https://www.ycombinator.com/companies/floot,Floot,UNKNOWN,2026-09-06T23:02:49.249657Z
1.0,PRODUCT,Y Combinator,https://www.ycombinator.com/companies/os3,OS3,UNKNOWN,2026-09-06T23:02:49.249675Z
1.0,PRODUCT,Y Combinator,https://www.ycombinator.com/companies/alara,Alara,UNKNOWN,2026-09-06T23:02:49.249694Z
1.0,PRODUCT,Y Combinator,https://www.ycombinator.com/companies/omnara,Omnara,UNKNOWN,2026-09-06T23:02:49.249766Z
1.0,PRODUCT,Y Combinator,https://www.ycombinator.com/companies/knowlify,Knowlify,UNKNOWN,2026-09-06T23:02:49.249832Z
1.0,PRODUCT,Y Combinator,https://www.ycombinator.com/companies/autosana,Autosana,UNKNOWN,2026-09-06T23:02:49.249895Z
1.0,PRODUCT,Y Combinator,https://www.ycombinator.com/companies/procindex,ProcIndex,UNKNOWN,2026-09-06T23:02:49.249958Z
1.0,PRODUCT,Y Combinator,https://www.ycombinator.com/companies/finto-de,Finto,UNKNOWN,2026-09-06T23:02:49.253624Z
1.0,PRODUCT,Y Combinator,https://www.ycombinator.com/companies/motives,Motives,UNKNOWN,2026-09-06T23:02:49.253720Z
1.0,PRODUCT,Y Combinator,https://www.ycombinator.com/companies/relling,Relling,UNKNOWN,2026-09-06T23:02:49.253793Z
1.0,PRODUCT,Y Combinator,https://www.ycombinator.com/companies/char,Char,UNKNOWN,2026-09-06T23:02:49.253815Z
1.0,PRODUCT,Y Combinator,https://www.ycombinator.com/companies/manufact,Manufact,UNKNOWN,2026-09-06T23:02:49.253882Z
1.0,PRODUCT,Y Combinator,https://www.ycombinator.com/companies/phases,Phases,UNKNOWN,2026-09-06T23:02:49.253947Z
1.0,PRODUCT,Y Combinator,https://www.ycombinator.com/companies/physical-turing,Physical Turing,UNKNOWN,2026-09-06T23:02:49.254013Z
1.0,PRODUCT,Y Combinator,https://www.ycombinator.com/companies/twentytwo,TwentyTwo,UNKNOWN,2026-09-06T23:02:49.254076Z
1.0,PRODUCT,Y Combinator,https://www.ycombinator.com/companies/mimos,Mimos,UNKNOWN,2026-09-06T23:02:49.254095Z
1.0,PRODUCT,Y Combinator,https://www.ycombinator.com/companies/nozomio,Nozomio,UNKNOWN,2026-09-06T23:02:49.254153Z
1.0,PRODUCT,Y Combinator,https://www.ycombinator.com/companies/vibeflow,VibeFlow,UNKNOWN,2026-09-06T23:02:49.254224Z
1.0,PRODUCT,Y Combinator,https://www.ycombinator.com/companies/normal,Normal,UNKNOWN,2026-09-06T23:02:49.254288Z
1.0,PRODUCT,Y Combinator,https://www.ycombinator.com/companies/ghosteye,GhostEye,UNKNOWN,2026-09-06T23:02:49.254354Z
1.0,PRODUCT,Y Combinator,https://www.ycombinator.com/companies/channel3,Channel3,UNKNOWN,2026-09-06T23:02:49.254418Z
1.0,PRODUCT,Y Combinator,https://www.ycombinator.com/companies/embedder,Embedder,UNKNOWN,2026-09-06T23:02:49.254482Z
1.0,PRODUCT,Y Combinator,https://www.ycombinator.com/companies/trace-so,Trace,UNKNOWN,2026-09-06T23:02:49.254502Z
1.0,PRODUCT,Y Combinator,https://www.ycombinator.com/companies/onestop,OneStop,UNKNOWN,2026-09-06T23:02:49.254564Z
1.0,PRODUCT,Y Combinator,https://www.ycombinator.com/companies/doe,Doe,UNKNOWN,2026-09-06T23:02:49.254583Z
1.0,PRODUCT,Y Combinator,https://www.ycombinator.com/companies/riverbank,Riverbank,UNKNOWN,2026-09-06T23:02:49.254649Z
1.0,PRODUCT,Y Combinator,https://www.ycombinator.com/companies/stellon-labs,Stellon Labs,UNKNOWN,2026-09-06T23:02:49.254715Z
1.0,PRODUCT,Y Combinator,https://www.ycombinator.com/companies/induction-labs,Induction Labs,UNKNOWN,2026-09-06T23:02:49.254781Z
1.0,PRODUCT,Y Combinator,https://www.ycombinator.com/companies/panoptive,Panoptive,UNKNOWN,2026-09-06T23:02:49.254844Z
1.0,PRODUCT,Y Combinator,https://www.ycombinator.com/companies/kestroll,Kestroll,UNKNOWN,2026-09-06T23:02:49.254906Z
1.0,PRODUCT,Y Combinator,https://www.ycombinator.com/companies/tesora,Tesora,UNKNOWN,2026-09-06T23:02:49.254969Z
1.0,PRODUCT,Y Combinator,https://www.ycombinator.com/companies/deepaware-ai-robotics-center-of-silicon-valley,DeepAware AI (Robotics Center of Silicon Valley),UNKNOWN,2026-09-06T23:02:49.255038Z
1.0,PRODUCT,Y Combinator,https://www.ycombinator.com/companies/stockline,Stockline,UNKNOWN,2026-09-06T23:02:49.255102Z
1.0,PRODUCT,Y Combinator,https://www.ycombinator.com/companies/magnitude,Magnitude,UNKNOWN,2026-09-06T23:02:49.255166Z
1.0,PRODUCT,Y Combinator,https://www.ycombinator.com/companies/proliferate,Proliferate,UNKNOWN,2026-09-06T23:02:49.255231Z
1.0,PRODUCT,Y Combinator,https://www.ycombinator.com/companies/nori,Nori,UNKNOWN,2026-09-06T23:02:49.255250Z
1.0,PRODUCT,Y Combinator,https://www.ycombinator.com/companies/frizzle,Frizzle,UNKNOWN,2026-09-06T23:02:49.255314Z
1.0,PRODUCT,Y Combinator,https://www.ycombinator.com/companies/withasync,Async,UNKNOWN,2026-09-06T23:02:49.255334Z
1.0,PRODUCT,Y Combinator,https://www.ycombinator.com/companies/alter,Alter,UNKNOWN,2026-09-06T23:02:49.255352Z
1.0,PRODUCT,Y Combinator,https://www.ycombinator.com/companies/lilac,Lilac,UNKNOWN,2026-09-06T23:02:49.255371Z
1.0,PRODUCT,Y Combinator,https://www.ycombinator.com/companies/cyberdesk,Cyberdesk,UNKNOWN,2026-09-06T23:02:49.255435Z
1.0,PRODUCT,Y Combinator,https://www.ycombinator.com/companies/wafer,Wafer,UNKNOWN,2026-09-06T23:02:49.255455Z
1.0,PRODUCT,Y Combinator,https://www.ycombinator.com/companies/monarcha,Monarcha,UNKNOWN,2026-09-06T23:02:49.255520Z
1.0,PRODUCT,Y Combinator,https://www.ycombinator.com/companies/lotas,Lotas,UNKNOWN,2026-09-06T23:02:49.255541Z
1.0,PRODUCT,Y Combinator,https://www.ycombinator.com/companies/design-arena,Design Arena,UNKNOWN,2026-09-06T23:02:49.255607Z
1.0,PRODUCT,Y Combinator,https://www.ycombinator.com/companies/effigov,EffiGov,UNKNOWN,2026-09-06T23:02:49.255675Z
1.0,PRODUCT,Y Combinator,https://www.ycombinator.com/companies/lark,Lark,UNKNOWN,2026-09-06T23:02:49.255695Z
1.0,PRODUCT,Y Combinator,https://www.ycombinator.com/companies/topological,Topological,UNKNOWN,2026-09-06T23:02:49.255760Z
1.0,PRODUCT,Y Combinator,https://www.ycombinator.com/companies/datafruit,Datafruit,UNKNOWN,2026-09-06T23:02:49.255830Z
1.0,PRODUCT,Y Combinator,https://www.ycombinator.com/companies/contextfort,ContextFort,UNKNOWN,2026-09-06T23:02:49.255901Z
1.0,PRODUCT,Y Combinator,https://www.ycombinator.com/companies/llm-stats,LLM Stats,UNKNOWN,2026-09-06T23:02:49.255970Z
1.0,PRODUCT,Y Combinator,https://www.ycombinator.com/companies/playgent,Playgent,UNKNOWN,2026-09-06T23:02:49.256035Z
1.0,PRODUCT,Y Combinator,https://www.ycombinator.com/companies/liva-ai,Liva AI,UNKNOWN,2026-09-06T23:02:49.256105Z
1.0,PRODUCT,Y Combinator,https://www.ycombinator.com/companies/lanesurf,Lanesurf,UNKNOWN,2026-09-06T23:02:49.256173Z
1.0,PRODUCT,Y Combinator,https://www.ycombinator.com/companies/astor,Astor,UNKNOWN,2026-09-06T23:02:49.256192Z
1.0,PRODUCT,Y Combinator,https://www.ycombinator.com/companies/truthsystems,truthsystems,UNKNOWN,2026-09-06T23:02:49.256274Z
1.0,PRODUCT,Y Combinator,https://www.ycombinator.com/companies/traceroot-ai,TraceRoot.AI,UNKNOWN,2026-09-06T23:02:49.256346Z
1.0,PRODUCT,Y Combinator,https://www.ycombinator.com/companies/mangodesk,MangoDesk,UNKNOWN,2026-09-06T23:02:49.256419Z
1.0,PRODUCT,Y Combinator,https://www.ycombinator.com/companies/dedalus-labs,Dedalus Labs,UNKNOWN,2026-09-06T23:02:49.256491Z
1.0,PRODUCT,Y Combinator,https://www.ycombinator.com/companies/closera,Closera,UNKNOWN,2026-09-06T23:02:49.256560Z
1.0,PRODUCT,Y Combinator,https://www.ycombinator.com/companies/meteor,Meteor,UNKNOWN,2026-09-06T23:02:49.256632Z
1.0,PRODUCT,Y Combinator,https://www.ycombinator.com/companies/adaptional,Adaptional,UNKNOWN,2026-09-06T23:02:49.256701Z
1.0,PRODUCT,Y Combinator,https://www.ycombinator.com/companies/prox,Prox,UNKNOWN,2026-09-06T23:02:49.256724Z
1.0,PRODUCT,Y Combinator,https://www.ycombinator.com/companies/autonomous-technologies-group,Autonomous Technologies Group,UNKNOWN,2026-09-06T23:02:49.256799Z
1.0,PRODUCT,Y Combinator,https://www.ycombinator.com/companies/fifth-door,Fifth Door,UNKNOWN,2026-09-06T23:02:49.256869Z
1.0,PRODUCT,Y Combinator,https://www.ycombinator.com/companies/cohesive,Cohesive,UNKNOWN,2026-09-06T23:02:49.256940Z
1.0,PRODUCT,Y Combinator,https://www.ycombinator.com/companies/docket,Docket,UNKNOWN,2026-09-06T23:02:49.257012Z
1.0,PRODUCT,Y Combinator,https://www.ycombinator.com/companies/sureform,Sureform,UNKNOWN,2026-09-06T23:02:49.257080Z
1.0,PRODUCT,Y Combinator,https://www.ycombinator.com/companies/godela,Godela,UNKNOWN,2026-09-06T23:02:49.257158Z
1.0,PRODUCT,Y Combinator,https://www.ycombinator.com/companies/blueshoe,Blueshoe,UNKNOWN,2026-09-06T23:02:49.257238Z
1.0,PRODUCT,Y Combinator,https://www.ycombinator.com/companies/text-ai,Text.ai,UNKNOWN,2026-09-06T23:02:49.257323Z
1.0,PRODUCT,Y Combinator,https://www.ycombinator.com/companies/starsling,StarSling,UNKNOWN,2026-09-06T23:02:49.257407Z
1.0,PRODUCT,Y Combinator,https://www.ycombinator.com/companies/wavedash,Wavedash,UNKNOWN,2026-09-06T23:02:49.257490Z
1.0,PRODUCT,Y Combinator,https://www.ycombinator.com/companies/oncactus,Cactus,UNKNOWN,2026-09-06T23:02:49.257572Z
1.0,PRODUCT,Y Combinator,https://www.ycombinator.com/companies/vision-lab,Vision Lab,UNKNOWN,2026-09-06T23:02:49.257655Z
1.0,PRODUCT,Y Combinator,https://www.ycombinator.com/companies/code-four,Code Four,UNKNOWN,2026-09-06T23:02:49.257741Z
1.0,PRODUCT,Y Combinator,https://www.ycombinator.com/companies/lumari,Lumari,UNKNOWN,2026-09-06T23:02:49.257824Z
1.0,PRODUCT,Y Combinator,https://www.ycombinator.com/companies/pelica,Pelica,UNKNOWN,2026-09-06T23:02:49.257905Z
1.0,PRODUCT,Y Combinator,https://www.ycombinator.com/companies/nimbic-ai,Nimbic AI,UNKNOWN,2026-09-06T23:02:49.257988Z
1.0,PRODUCT,Y Combinator,https://www.ycombinator.com/companies/moby-analytics,Moby Analytics,UNKNOWN,2026-09-06T23:02:49.258069Z
1.0,PRODUCT,Y Combinator,https://www.ycombinator.com/companies/rimba,Rimba,UNKNOWN,2026-09-06T23:02:49.258095Z
1.0,PRODUCT,Y Combinator,https://www.ycombinator.com/companies/adentris,Adentris,UNKNOWN,2026-09-06T23:02:49.258177Z
1.0,PRODUCT,Y Combinator,https://www.ycombinator.com/companies/mesmer,Mesmer,UNKNOWN,2026-09-06T23:02:49.258274Z
1.0,PRODUCT,Y Combinator,https://www.ycombinator.com/companies/naive,Naïve,UNKNOWN,2026-09-06T23:02:49.258301Z
1.0,PRODUCT,Y Combinator,https://www.ycombinator.com/companies/kairos,Kairos,UNKNOWN,2026-09-06T23:02:49.258384Z
1.0,PRODUCT,Y Combinator,https://www.ycombinator.com/companies/hemut,Hemut,UNKNOWN,2026-09-06T23:02:49.258407Z
1.0,PRODUCT,Y Combinator,https://www.ycombinator.com/companies/orchid-ai,Orchid,UNKNOWN,2026-09-06T23:02:49.258489Z
1.0,PRODUCT,Y Combinator,https://www.ycombinator.com/companies/bramante,Bramante,UNKNOWN,2026-09-06T23:02:49.258569Z
1.0,PRODUCT,Y Combinator,https://www.ycombinator.com/companies/eloquent-ai,Eloquent AI,UNKNOWN,2026-09-06T23:02:49.258651Z
1.0,PRODUCT,Y Combinator,https://www.ycombinator.com/companies/morphoai,MorphoAI,UNKNOWN,2026-09-06T23:02:49.258816Z
1.0,PRODUCT,Y Combinator,https://www.ycombinator.com/companies/cactus-compute,Cactus Compute,UNKNOWN,2026-09-06T23:02:49.258902Z
1.0,PRODUCT,Y Combinator,https://www.ycombinator.com/companies/boost-robotics,Most Robotic,UNKNOWN,2026-09-06T23:02:49.259035Z
1.0,PRODUCT,Y Combinator,https://www.ycombinator.com/companies/cartpole,Cartpole,UNKNOWN,2026-09-06T23:02:49.259107Z
1.0,PRODUCT,Y Combinator,https://www.ycombinator.com/companies/besimple-ai,Besimple AI,UNKNOWN,2026-09-06T23:02:49.259167Z
1.0,PRODUCT,Y Combinator,https://www.ycombinator.com/companies/human-behavior,Human Behavior,UNKNOWN,2026-09-06T23:02:49.259223Z
1.0,PRODUCT,Y Combinator,https://www.ycombinator.com/companies/qualgent,QualGent,UNKNOWN,2026-09-06T23:02:49.259282Z
1.0,PRODUCT,Y Combinator,https://www.ycombinator.com/companies/theta,Theta,UNKNOWN,2026-09-06T23:02:49.259303Z
1.0,PRODUCT,Y Combinator,https://www.ycombinator.com/companies/irbc,IRBC,UNKNOWN,2026-09-06T23:02:49.259323Z
1.0,PRODUCT,Y Combinator,https://www.ycombinator.com/companies/anana,Anana,UNKNOWN,2026-09-06T23:02:49.259340Z
1.0,PRODUCT,Y Combinator,https://www.ycombinator.com/companies/throxy,throxy,UNKNOWN,2026-09-06T23:02:49.259400Z
1.0,PRODUCT,Y Combinator,https://www.ycombinator.com/companies/lucis,Lucis,UNKNOWN,2026-09-06T23:02:49.296402Z
1.0,PRODUCT,Y Combinator,https://www.ycombinator.com/companies/crimson,Crimson,UNKNOWN,2026-09-06T23:02:49.296493Z
1.0,PRODUCT,Y Combinator,https://www.ycombinator.com/companies/nomi,Nomi,UNKNOWN,2026-09-06T23:02:49.296519Z
1.0,PRODUCT,Y Combinator,https://www.ycombinator.com/companies/morphik,Morphik,UNKNOWN,2026-09-06T23:02:49.296572Z
1.0,PRODUCT,Y Combinator,https://www.ycombinator.com/companies/habit,HABIT,UNKNOWN,2026-09-06T23:02:49.296586Z
1.0,PRODUCT,Y Combinator,https://www.ycombinator.com/companies/clidey,Clidey,UNKNOWN,2026-09-06T23:02:49.296637Z
1.0,PRODUCT,Y Combinator,https://www.ycombinator.com/companies/sixtyfour,Sixtyfour,UNKNOWN,2026-09-06T23:02:49.296687Z
1.0,PRODUCT,Y Combinator,https://www.ycombinator.com/companies/tegore,Tegore,UNKNOWN,2026-09-06T23:02:49.296737Z
1.0,PRODUCT,Y Combinator,https://www.ycombinator.com/companies/freesolo,Freesolo,UNKNOWN,2026-09-06T23:02:49.296787Z
1.0,PRODUCT,Y Combinator,https://www.ycombinator.com/companies/tinfoil,Tinfoil,UNKNOWN,2026-09-06T23:02:49.296837Z
1.0,PRODUCT,Y Combinator,https://www.ycombinator.com/companies/paper-instruments,Paper Instruments,UNKNOWN,2026-09-06T23:02:49.296889Z
1.0,PRODUCT,Y Combinator,https://www.ycombinator.com/companies/parsewise,Parsewise,UNKNOWN,2026-09-06T23:02:49.296939Z
1.0,PRODUCT,Y Combinator,https://www.ycombinator.com/companies/bluejay,Bluejay,UNKNOWN,2026-09-06T23:02:49.296987Z
1.0,PRODUCT,Y Combinator,https://www.ycombinator.com/companies/kestral,Kestral,UNKNOWN,2026-09-06T23:02:49.297037Z
1.0,PRODUCT,Y Combinator,https://www.ycombinator.com/companies/kirana-ai,Kirana AI,UNKNOWN,2026-09-06T23:02:49.297088Z
1.0,PRODUCT,Y Combinator,https://www.ycombinator.com/companies/mbodi-ai,Mbodi AI,UNKNOWN,2026-09-06T23:02:49.297139Z
1.0,PRODUCT,Y Combinator,https://www.ycombinator.com/companies/units,Units,UNKNOWN,2026-09-06T23:02:49.297151Z
1.0,PRODUCT,Y Combinator,https://www.ycombinator.com/companies/hanji,Hanji,UNKNOWN,2026-09-06T23:02:49.297164Z
1.0,PRODUCT,Y Combinator,https://www.ycombinator.com/companies/stratify,stratify,UNKNOWN,2026-09-06T23:02:49.297214Z
1.0,PRODUCT,Y Combinator,https://www.ycombinator.com/companies/sim,Sim,UNKNOWN,2026-09-06T23:02:49.297226Z
1.0,PRODUCT,Y Combinator,https://www.ycombinator.com/companies/clarm,Clarm,UNKNOWN,2026-09-06T23:02:49.297239Z
1.0,PRODUCT,Y Combinator,https://www.ycombinator.com/companies/beluga,Beluga,UNKNOWN,2026-09-06T23:02:49.297289Z
1.0,PRODUCT,Y Combinator,https://www.ycombinator.com/companies/kaelio,Kaelio,UNKNOWN,2026-09-06T23:02:49.297339Z
1.0,PRODUCT,Y Combinator,https://www.ycombinator.com/companies/zeon-systems,Zeon Systems,UNKNOWN,2026-09-06T23:02:49.297397Z
1.0,PRODUCT,Y Combinator,https://www.ycombinator.com/companies/helixdb,HelixDB,UNKNOWN,2026-09-06T23:02:49.297447Z
1.0,PRODUCT,Y Combinator,https://www.ycombinator.com/companies/feyn,Feyn,UNKNOWN,2026-09-06T23:02:49.297459Z
1.0,PRODUCT,Y Combinator,https://www.ycombinator.com/companies/almond-2,Almond,UNKNOWN,2026-09-06T23:02:49.297510Z
1.0,PRODUCT,Y Combinator,https://www.ycombinator.com/companies/acolite,Acolite,UNKNOWN,2026-09-06T23:02:49.297560Z
1.0,PRODUCT,Y Combinator,https://www.ycombinator.com/companies/ralo,Ralo,UNKNOWN,2026-09-06T23:02:49.297572Z
1.0,PRODUCT,Y Combinator,https://www.ycombinator.com/companies/neoncoral,neoncoral,UNKNOWN,2026-09-06T23:02:49.297622Z
1.0,PRODUCT,Y Combinator,https://www.ycombinator.com/companies/synthio-labs,Synthio Labs,UNKNOWN,2026-09-06T23:02:49.297673Z
1.0,PRODUCT,Y Combinator,https://www.ycombinator.com/companies/serafis,Serafis,UNKNOWN,2026-09-06T23:02:49.297734Z
1.0,PRODUCT,Y Combinator,https://www.ycombinator.com/companies/golf,Golf,UNKNOWN,2026-09-06T23:02:49.297747Z
1.0,PRODUCT,Y Combinator,https://www.ycombinator.com/companies/bitboard,BitBoard,UNKNOWN,2026-09-06T23:02:49.297798Z
1.0,PRODUCT,Y Combinator,https://www.ycombinator.com/companies/nao-labs,NOSO LABS,UNKNOWN,2026-09-06T23:02:49.297852Z
1.0,PRODUCT,Y Combinator,https://www.ycombinator.com/companies/kashikoi,Kashikoi,UNKNOWN,2026-09-06T23:02:49.297903Z
1.0,PRODUCT,Y Combinator,https://www.ycombinator.com/companies/plexe,Plexe,UNKNOWN,2026-09-06T23:02:49.297915Z
1.0,PRODUCT,Y Combinator,https://www.ycombinator.com/companies/frekil,Frekil,UNKNOWN,2026-09-06T23:02:49.297966Z
1.0,PRODUCT,Y Combinator,https://www.ycombinator.com/companies/chestnut,Chestnut,UNKNOWN,2026-09-06T23:02:49.298018Z
1.0,PRODUCT,Y Combinator,https://www.ycombinator.com/companies/blaxel,Blaxel,UNKNOWN,2026-09-06T23:02:49.298070Z
1.0,PRODUCT,Y Combinator,https://www.ycombinator.com/companies/mentra,Mentra,UNKNOWN,2026-09-06T23:02:49.298122Z
1.0,PRODUCT,Y Combinator,https://www.ycombinator.com/companies/monte,Monte,UNKNOWN,2026-09-06T23:02:49.298134Z
1.0,PRODUCT,Y Combinator,https://www.ycombinator.com/companies/joindex,Dex,UNKNOWN,2026-09-06T23:02:49.298146Z
1.0,PRODUCT,Y Combinator,https://www.ycombinator.com/companies/browser-use,Browser Use,UNKNOWN,2026-09-06T23:02:49.298199Z
1.0,PRODUCT,Y Combinator,https://www.ycombinator.com/companies/tamlabs,TamLabs,UNKNOWN,2026-09-06T23:02:49.298251Z
1.0,PRODUCT,Y Combinator,https://www.ycombinator.com/companies/ergo,Ergo,UNKNOWN,2026-09-06T23:02:49.298263Z
1.0,PRODUCT,Y Combinator,https://www.ycombinator.com/companies/copycat,CopyCat,UNKNOWN,2026-09-06T23:02:49.298316Z
1.0,PRODUCT,Y Combinator,https://www.ycombinator.com/companies/bluebook,Bluebook,UNKNOWN,2026-09-06T23:02:49.298368Z
1.0,PRODUCT,Y Combinator,https://www.ycombinator.com/companies/waffle,Waffle,UNKNOWN,2026-09-06T23:02:49.298419Z
1.0,PRODUCT,Y Combinator,https://www.ycombinator.com/companies/roark,Roark,UNKNOWN,2026-09-06T23:02:49.298430Z
1.0,PRODUCT,Y Combinator,https://www.ycombinator.com/companies/rebolt,Rebolt,UNKNOWN,2026-09-06T23:02:49.298482Z
1.0,PRODUCT,Y Combinator,https://www.ycombinator.com/companies/spott,Spott,UNKNOWN,2026-09-06T23:02:49.298494Z
1.0,PRODUCT,Y Combinator,https://www.ycombinator.com/companies/woz,Woz,UNKNOWN,2026-09-06T23:02:49.298507Z
1.0,PRODUCT,Y Combinator,https://www.ycombinator.com/companies/proception-inc,Proception Inc,UNKNOWN,2026-09-06T23:02:49.298560Z
1.0,PRODUCT,Y Combinator,https://www.ycombinator.com/companies/wildcard,Wildcard,UNKNOWN,2026-09-06T23:02:49.298611Z
1.0,PRODUCT,Y Combinator,https://www.ycombinator.com/companies/pinch,Pinch,UNKNOWN,2026-09-06T23:02:49.298624Z
1.0,PRODUCT,Y Combinator,https://www.ycombinator.com/companies/mastra,Mastra,UNKNOWN,2026-09-06T23:02:49.298676Z
1.0,PRODUCT,Y Combinator,https://www.ycombinator.com/companies/afterquery,AfterQuery,UNKNOWN,2026-09-06T23:02:49.298728Z
1.0,PRODUCT,Y Combinator,https://www.ycombinator.com/companies/artificial-societies,Artificial Societies,UNKNOWN,2026-09-06T23:02:49.298782Z
1.0,PRODUCT,Y Combinator,https://www.ycombinator.com/companies/sennu-ai,Sennu AI,UNKNOWN,2026-09-06T23:02:49.298835Z
1.0,PRODUCT,Y Combinator,https://www.ycombinator.com/companies/mesh-2,Mesh,UNKNOWN,2026-09-06T23:02:49.298848Z
1.0,PRODUCT,Y Combinator,https://www.ycombinator.com/companies/outlit,Outlit,UNKNOWN,2026-09-06T23:02:49.298900Z
1.0,PRODUCT,Y Combinator,https://www.ycombinator.com/companies/harper,Harper,UNKNOWN,2026-09-06T23:02:49.298954Z
1.0,PRODUCT,Y Combinator,https://www.ycombinator.com/companies/calltree,Calltree,UNKNOWN,2026-09-06T23:02:49.299008Z
1.0,PRODUCT,Y Combinator,https://www.ycombinator.com/companies/nitrode,Nitrode,UNKNOWN,2026-09-06T23:02:49.299060Z
1.0,PRODUCT,Y Combinator,https://www.ycombinator.com/companies/exla,Exla,UNKNOWN,2026-09-06T23:02:49.299072Z
1.0,PRODUCT,Y Combinator,https://www.ycombinator.com/companies/confident-ai,Confident AI,UNKNOWN,2026-09-06T23:02:49.299129Z
1.0,PRODUCT,Y Combinator,https://www.ycombinator.com/companies/riviera,Riviera,UNKNOWN,2026-09-06T23:02:49.299272Z
1.0,PRODUCT,Y Combinator,https://www.ycombinator.com/companies/agentin-ai,Agentin AI,UNKNOWN,2026-09-06T23:02:49.299353Z
1.0,PRODUCT,Y Combinator,https://www.ycombinator.com/companies/general-trajectory,General Trajectory,UNKNOWN,2026-09-06T23:02:49.299422Z
1.0,PRODUCT,Y Combinator,https://www.ycombinator.com/companies/trata,Trata,UNKNOWN,2026-09-06T23:02:49.299438Z
1.0,PRODUCT,Y Combinator,https://www.ycombinator.com/companies/candor-security,Candor,UNKNOWN,2026-09-06T23:02:49.299500Z
1.0,PRODUCT,Y Combinator,https://www.ycombinator.com/companies/lucidic-ai,Lucidic AI,UNKNOWN,2026-09-06T23:02:49.299562Z
1.0,PRODUCT,Y Combinator,https://www.ycombinator.com/companies/mundo-ai,Mundo AI,UNKNOWN,2026-09-06T23:02:49.299625Z
1.0,PRODUCT,Y Combinator,https://www.ycombinator.com/companies/liquid-compute,Liquid Compute,UNKNOWN,2026-09-06T23:02:49.299686Z
1.0,PRODUCT,Y Combinator,https://www.ycombinator.com/companies/lopus,Lopus,UNKNOWN,2026-09-06T23:02:49.299700Z
1.0,PRODUCT,Y Combinator,https://www.ycombinator.com/companies/cenote,Cenote,UNKNOWN,2026-09-06T23:02:49.299755Z
1.0,PRODUCT,Y Combinator,https://www.ycombinator.com/companies/harbera,Harbera,UNKNOWN,2026-09-06T23:02:49.299808Z
1.0,PRODUCT,Y Combinator,https://www.ycombinator.com/companies/stillwind,Stillwind,UNKNOWN,2026-09-06T23:02:49.299861Z
1.0,PRODUCT,Y Combinator,https://www.ycombinator.com/companies/pickle-2,Pickle,UNKNOWN,2026-09-06T23:02:49.299920Z
1.0,PRODUCT,Y Combinator,https://www.ycombinator.com/companies/asteroid,Asteroid,UNKNOWN,2026-09-06T23:02:49.299975Z
1.0,PRODUCT,Y Combinator,https://www.ycombinator.com/companies/gale,Gale,UNKNOWN,2026-09-06T23:02:49.299988Z
1.0,PRODUCT,Y Combinator,https://www.ycombinator.com/companies/olive,Olive,UNKNOWN,2026-09-06T23:02:49.300013Z
1.0,PRODUCT,Y Combinator,https://www.ycombinator.com/companies/hud,HUD,UNKNOWN,2026-09-06T23:02:49.300027Z
1.0,PRODUCT,Y Combinator,https://www.ycombinator.com/companies/cuckoo-labs,Cuckoo Labs,UNKNOWN,2026-09-06T23:02:49.300084Z
1.0,PRODUCT,Y Combinator,https://www.ycombinator.com/companies/mecha-health,Mecha Health,UNKNOWN,2026-09-06T23:02:49.300139Z
1.0,PRODUCT,Y Combinator,https://www.ycombinator.com/companies/osmosis,Osmosis,UNKNOWN,2026-09-06T23:02:49.300193Z
1.0,PRODUCT,Y Combinator,https://www.ycombinator.com/companies/swerve,Swerve,UNKNOWN,2026-09-06T23:02:49.300247Z
1.0,PRODUCT,Y Combinator,https://www.ycombinator.com/companies/cifrato,Cifrato,UNKNOWN,2026-09-06T23:02:49.300301Z
1.0,PRODUCT,Y Combinator,https://www.ycombinator.com/companies/oki,Oki,UNKNOWN,2026-09-06T23:02:49.300316Z
1.0,PRODUCT,Y Combinator,https://www.ycombinator.com/companies/cardamon,Cardamon,UNKNOWN,2026-09-06T23:02:49.300450Z
1.0,PRODUCT,Y Combinator,https://www.ycombinator.com/companies/trim,Trim,UNKNOWN,2026-09-06T23:02:49.300464Z
1.0,PRODUCT,Y Combinator,https://www.ycombinator.com/companies/tergle,Tergle,UNKNOWN,2026-09-06T23:02:49.300519Z
1.0,PRODUCT,Y Combinator,https://www.ycombinator.com/companies/rally-3,Rally,UNKNOWN,2026-09-06T23:02:49.300534Z
1.0,PRODUCT,Y Combinator,https://www.ycombinator.com/companies/adam,Adam,UNKNOWN,2026-09-06T23:02:49.300547Z
1.0,PRODUCT,Y Combinator,https://www.ycombinator.com/companies/salespatriot,SalesPatriot,UNKNOWN,2026-09-06T23:02:49.300602Z
1.0,PRODUCT,Y Combinator,https://www.ycombinator.com/companies/maive,Maive,UNKNOWN,2026-09-06T23:02:49.300615Z
1.0,PRODUCT,Y Combinator,https://www.ycombinator.com/companies/weave-3,Weave,UNKNOWN,2026-09-06T23:02:49.300629Z
1.0,PRODUCT,Y Combinator,https://www.ycombinator.com/companies/caseflood-ai,Caseflood.ai,UNKNOWN,2026-09-06T23:02:49.300685Z
1.0,PRODUCT,Y Combinator,https://www.ycombinator.com/companies/elip-ai,Elip AI,UNKNOWN,2026-09-06T23:02:49.300742Z
1.0,PRODUCT,Y Combinator,https://www.ycombinator.com/companies/a0-dev,a0.dev,UNKNOWN,2026-09-06T23:02:49.300756Z
1.0,PRODUCT,Y Combinator,https://www.ycombinator.com/companies/verbiflow,Verbiflow,UNKNOWN,2026-09-06T23:02:49.300812Z
1.0,PRODUCT,Y Combinator,https://www.ycombinator.com/companies/toothy-ai,Toothy AI,UNKNOWN,2026-09-06T23:02:49.300868Z
1.0,PRODUCT,Y Combinator,https://www.ycombinator.com/companies/contrario,Contrario,UNKNOWN,2026-09-06T23:02:49.300934Z
1.0,PRODUCT,Y Combinator,https://www.ycombinator.com/companies/truffle-ai,Truffle AI,UNKNOWN,2026-09-06T23:02:49.300991Z
1.0,PRODUCT,Y Combinator,https://www.ycombinator.com/companies/superglue,superglue,UNKNOWN,2026-09-06T23:02:49.301052Z
1.0,PRODUCT,Y Combinator,https://www.ycombinator.com/companies/closure,Closure,UNKNOWN,2026-09-06T23:02:49.301106Z
1.0,PRODUCT,Y Combinator,https://www.ycombinator.com/companies/promptless,Promptless,UNKNOWN,2026-09-06T23:02:49.301164Z
1.0,PRODUCT,Y Combinator,https://www.ycombinator.com/companies/scout-4,Scout,UNKNOWN,2026-09-06T23:02:49.301177Z
1.0,PRODUCT,Y Combinator,https://www.ycombinator.com/companies/vocality-health,Vocality Health,UNKNOWN,2026-09-06T23:02:49.301233Z
1.0,PRODUCT,Y Combinator,https://www.ycombinator.com/companies/astro,Astro,UNKNOWN,2026-09-06T23:02:49.301247Z
1.0,PRODUCT,Y Combinator,https://www.ycombinator.com/companies/dartboard,Dartboard,UNKNOWN,2026-09-06T23:02:49.301303Z
1.0,PRODUCT,Y Combinator,https://www.ycombinator.com/companies/alice-tech,Alice.tech,UNKNOWN,2026-09-06T23:02:49.301359Z
1.0,PRODUCT,Y Combinator,https://www.ycombinator.com/companies/praxim,Praxim,UNKNOWN,2026-09-06T23:02:49.301415Z
1.0,PRODUCT,Y Combinator,https://www.ycombinator.com/companies/tweeksio,Tweeks.io,UNKNOWN,2026-09-06T23:02:49.301471Z
1.0,PRODUCT,Y Combinator,https://www.ycombinator.com/companies/leaping-ai,Leaping AI,UNKNOWN,2026-09-06T23:02:49.301528Z
1.0,PRODUCT,Y Combinator,https://www.ycombinator.com/companies/vetnio,Vetnio,UNKNOWN,2026-09-06T23:02:49.301584Z
1.0,PRODUCT,Y Combinator,https://www.ycombinator.com/companies/candor,Candor,UNKNOWN,2026-09-06T23:02:49.301594Z
1.0,PRODUCT,Y Combinator,https://www.ycombinator.com/companies/outship,Outship,UNKNOWN,2026-09-06T23:02:49.301650Z
1.0,PRODUCT,Y Combinator,https://www.ycombinator.com/companies/edexia,Edexia,UNKNOWN,2026-09-06T23:02:49.301706Z
1.0,PRODUCT,Y Combinator,https://www.ycombinator.com/companies/quantstruct,Quantstruct,UNKNOWN,2026-09-06T23:02:49.301764Z
1.0,PRODUCT,Y Combinator,https://www.ycombinator.com/companies/humanlayer,HumanLayer,UNKNOWN,2026-09-06T23:02:49.301819Z
1.0,PRODUCT,Y Combinator,https://www.ycombinator.com/companies/synth-3,Synth,UNKNOWN,2026-09-06T23:02:49.301832Z
1.0,PRODUCT,Y Combinator,https://www.ycombinator.com/companies/careforce,Careforce,UNKNOWN,2026-09-06T23:02:49.301888Z
1.0,PRODUCT,Y Combinator,https://www.ycombinator.com/companies/relvy-ai,Relvy AI,UNKNOWN,2026-09-06T23:02:49.301943Z
1.0,PRODUCT,Y Combinator,https://www.ycombinator.com/companies/freestyle-ai,Freestyle,UNKNOWN,2026-09-06T23:02:49.302000Z
1.0,PRODUCT,Y Combinator,https://www.ycombinator.com/companies/laminar-com,Laminar,UNKNOWN,2026-09-06T23:02:49.302057Z
1.0,PRODUCT,Y Combinator,https://www.ycombinator.com/companies/melder,Melder,UNKNOWN,2026-09-06T23:02:49.302113Z
1.0,PRODUCT,Y Combinator,https://www.ycombinator.com/companies/forerunner-ai,Forerunner AI,UNKNOWN,2026-09-06T23:02:49.302171Z
1.0,PRODUCT,Y Combinator,https://www.ycombinator.com/companies/struct-ai,Struct,UNKNOWN,2026-09-06T23:02:49.302227Z
1.0,PRODUCT,Y Combinator,https://www.ycombinator.com/companies/archilabs,ArchiLabs,UNKNOWN,2026-09-06T23:02:49.302285Z
1.0,PRODUCT,Y Combinator,https://www.ycombinator.com/companies/metreecs,Metreecs,UNKNOWN,2026-09-06T23:02:49.302342Z
1.0,PRODUCT,Y Combinator,https://www.ycombinator.com/companies/diffusion-studio,Diffusion Studio,UNKNOWN,2026-09-06T23:02:49.302401Z
1.0,PRODUCT,Y Combinator,https://www.ycombinator.com/companies/kilvin,Kilvin,UNKNOWN,2026-09-06T23:02:49.302460Z
1.0,PRODUCT,Y Combinator,https://www.ycombinator.com/companies/innate,Innate,UNKNOWN,2026-09-06T23:02:49.302519Z
1.0,PRODUCT,Y Combinator,https://www.ycombinator.com/companies/capy,Capy,UNKNOWN,2026-09-06T23:02:49.302536Z
1.0,PRODUCT,Y Combinator,https://www.ycombinator.com/companies/consus,Consus,UNKNOWN,2026-09-06T23:02:49.302595Z
1.0,PRODUCT,Y Combinator,https://www.ycombinator.com/companies/permitportal,PermitPortal,UNKNOWN,2026-09-06T23:02:49.302653Z
1.0,PRODUCT,Y Combinator,https://www.ycombinator.com/companies/gecko-security,Gecko Security,UNKNOWN,2026-09-06T23:02:49.302712Z
1.0,PRODUCT,Y Combinator,https://www.ycombinator.com/companies/moonshine,Moonshine,UNKNOWN,2026-09-06T23:02:49.302772Z
1.0,PRODUCT,Y Combinator,https://www.ycombinator.com/companies/abundant,Abundant,UNKNOWN,2026-09-06T23:02:49.302830Z
1.0,PRODUCT,Y Combinator,https://www.ycombinator.com/companies/autocomputer,AutoComputer,UNKNOWN,2026-09-06T23:02:49.302891Z
1.0,PRODUCT,Y Combinator,https://www.ycombinator.com/companies/vly-ai-2,vly.ai,UNKNOWN,2026-09-06T23:02:49.302913Z
1.0,PRODUCT,Y Combinator,https://www.ycombinator.com/companies/pearson-labs,Pearson Labs,UNKNOWN,2026-09-06T23:02:49.302978Z
1.0,PRODUCT,Y Combinator,https://www.ycombinator.com/companies/stewdio,Stewdio,UNKNOWN,2026-09-06T23:02:49.303037Z
1.0,PRODUCT,Y Combinator,https://www.ycombinator.com/companies/unusual,Unusual,UNKNOWN,2026-09-06T23:02:49.303098Z
1.0,PRODUCT,Y Combinator,https://www.ycombinator.com/companies/hybrd,HYBRD,UNKNOWN,2026-09-06T23:02:49.303112Z
1.0,PRODUCT,Y Combinator,https://www.ycombinator.com/companies/freebuff,Freebuff,UNKNOWN,2026-09-06T23:02:49.303172Z
1.0,PRODUCT,Y Combinator,https://www.ycombinator.com/companies/lingodotdev,Lingo.dev,UNKNOWN,2026-09-06T23:02:49.303232Z
1.0,PRODUCT,Y Combinator,https://www.ycombinator.com/companies/luthor,Luthor,UNKNOWN,2026-09-06T23:02:49.303290Z
1.0,PRODUCT,Y Combinator,https://www.ycombinator.com/companies/keye,Keye,UNKNOWN,2026-09-06T23:02:49.303303Z
1.0,PRODUCT,Y Combinator,https://www.ycombinator.com/companies/riskcube,RiskCube,UNKNOWN,2026-09-06T23:02:49.303362Z
1.0,PRODUCT,Y Combinator,https://www.ycombinator.com/companies/ctgt,CTGT,UNKNOWN,2026-09-06T23:02:49.303381Z
1.0,PRODUCT,Y Combinator,https://www.ycombinator.com/companies/issen,ISSEN,UNKNOWN,2026-09-06T23:02:49.303396Z
1.0,PRODUCT,Y Combinator,https://www.ycombinator.com/companies/attimet,attimet,UNKNOWN,2026-09-06T23:02:49.303455Z
1.0,PRODUCT,Y Combinator,https://www.ycombinator.com/companies/astrix-health,Matcha,UNKNOWN,2026-09-06T23:02:49.303514Z
1.0,PRODUCT,Y Combinator,https://www.ycombinator.com/companies/endstack,Endstack,UNKNOWN,2026-09-06T23:02:49.303573Z
1.0,PRODUCT,Y Combinator,https://www.ycombinator.com/companies/archil,Archal,UNKNOWN,2026-09-06T23:02:49.303641Z
1.0,PRODUCT,Y Combinator,https://www.ycombinator.com/companies/vespper,Vespper,UNKNOWN,2026-09-06T23:02:49.303703Z
1.0,PRODUCT,Y Combinator,https://www.ycombinator.com/companies/vortexify,Vortexify,UNKNOWN,2026-09-06T23:02:49.303763Z
1.0,PRODUCT,Y Combinator,https://www.ycombinator.com/companies/revyl,Revyl,UNKNOWN,2026-09-06T23:02:49.303777Z
1.0,PRODUCT,Y Combinator,https://www.ycombinator.com/companies/raycaster,Raycaster,UNKNOWN,2026-09-06T23:02:49.303839Z
1.0,PRODUCT,Y Combinator,https://www.ycombinator.com/companies/healthspark,HealthSpark,UNKNOWN,2026-09-06T23:02:49.303899Z
1.0,PRODUCT,Y Combinator,https://www.ycombinator.com/companies/openbenchmarks,Openbenchmarks,UNKNOWN,2026-09-06T23:02:49.303959Z
1.0,PRODUCT,Y Combinator,https://www.ycombinator.com/companies/darkgrade,Darkgrade,UNKNOWN,2026-09-06T23:02:49.304019Z
1.0,PRODUCT,Y Combinator,https://www.ycombinator.com/companies/candle,Candle,UNKNOWN,2026-09-06T23:02:49.304081Z
1.0,PRODUCT,Y Combinator,https://www.ycombinator.com/companies/streamable,Streamable,UNKNOWN,2026-09-06T23:02:49.304145Z
1.0,PRODUCT,Y Combinator,https://www.ycombinator.com/companies/symphony,Symphony,UNKNOWN,2026-09-06T23:02:49.304204Z
1.0,PRODUCT,Y Combinator,https://www.ycombinator.com/companies/galini,Galini,UNKNOWN,2026-09-06T23:02:49.304263Z
1.0,PRODUCT,Y Combinator,https://www.ycombinator.com/companies/riveter,Rivet,UNKNOWN,2026-09-06T23:02:49.304324Z
1.0,PRODUCT,Y Combinator,https://www.ycombinator.com/companies/onlook,Onlook,UNKNOWN,2026-09-06T23:02:49.304384Z
1.0,PRODUCT,Y Combinator,https://www.ycombinator.com/companies/dreamrp,Dream,UNKNOWN,2026-09-06T23:02:49.304445Z
1.0,PRODUCT,Y Combinator,https://www.ycombinator.com/companies/conductor,Conductor,UNKNOWN,2026-09-06T23:02:49.304511Z
1.0,PRODUCT,Y Combinator,https://www.ycombinator.com/companies/delineate,Delineate,UNKNOWN,2026-09-06T23:02:49.304570Z
1.0,PRODUCT,Y Combinator,https://www.ycombinator.com/companies/syntra,Syntra,UNKNOWN,2026-09-06T23:02:49.304632Z
1.0,PRODUCT,Y Combinator,https://www.ycombinator.com/companies/pathpilot,PathPilot,UNKNOWN,2026-09-06T23:02:49.304694Z
1.0,PRODUCT,Y Combinator,https://www.ycombinator.com/companies/merlin-ai,Merlin AI,UNKNOWN,2026-09-06T23:02:49.304757Z
1.0,PRODUCT,Y Combinator,https://www.ycombinator.com/companies/freestyle,Freestyle,UNKNOWN,2026-09-06T23:02:49.304768Z
1.0,PRODUCT,Y Combinator,https://www.ycombinator.com/companies/arva-ai,Tara AI,UNKNOWN,2026-09-06T23:02:49.304836Z
1.0,PRODUCT,Y Combinator,https://www.ycombinator.com/companies/affil-ai,Affil.ai,UNKNOWN,2026-09-06T23:02:49.304903Z
1.0,PRODUCT,Y Combinator,https://www.ycombinator.com/companies/overlap,Overlap,UNKNOWN,2026-09-06T23:02:49.304972Z
1.0,PRODUCT,Y Combinator,https://www.ycombinator.com/companies/capitol-ai,Capitol AI,UNKNOWN,2026-09-06T23:02:49.305121Z
1.0,PRODUCT,Y Combinator,https://www.ycombinator.com/companies/void,Void,UNKNOWN,2026-09-06T23:02:49.305139Z
1.0,PRODUCT,Y Combinator,https://www.ycombinator.com/companies/anglera,Anglera,UNKNOWN,2026-09-06T23:02:49.305200Z
1.0,PRODUCT,Y Combinator,https://www.ycombinator.com/companies/browseros,BrowserOS,UNKNOWN,2026-09-06T23:02:49.305262Z
1.0,PRODUCT,Y Combinator,https://www.ycombinator.com/companies/henry-2,Henry,UNKNOWN,2026-09-06T23:02:49.305278Z
1.0,PRODUCT,Y Combinator,https://www.ycombinator.com/companies/ficra,Ficra,UNKNOWN,2026-09-06T23:02:49.305293Z
1.0,PRODUCT,Y Combinator,https://www.ycombinator.com/companies/pipeshift,Pipeshift,UNKNOWN,2026-09-06T23:02:49.305353Z
1.0,PRODUCT,Y Combinator,https://www.ycombinator.com/companies/vera-health,Vera Health,UNKNOWN,2026-09-06T23:02:49.305414Z
1.0,PRODUCT,Y Combinator,https://www.ycombinator.com/companies/pharos,Pharos,UNKNOWN,2026-09-06T23:02:49.305475Z
1.0,PRODUCT,Y Combinator,https://www.ycombinator.com/companies/et-al,et al.,UNKNOWN,2026-09-06T23:02:49.305491Z
1.0,PRODUCT,Y Combinator,https://www.ycombinator.com/companies/keet,Keet,UNKNOWN,2026-09-06T23:02:49.305503Z
1.0,PRODUCT,Y Combinator,https://www.ycombinator.com/companies/no-logo,No Logo,UNKNOWN,2026-09-06T23:02:49.305565Z
1.0,PRODUCT,Y Combinator,https://www.ycombinator.com/companies/dayflow,Dayflow,UNKNOWN,2026-09-06T23:02:49.305628Z
1.0,PRODUCT,Y Combinator,https://www.ycombinator.com/companies/surebright,SureBright,UNKNOWN,2026-09-06T23:02:49.305688Z
1.0,PRODUCT,Y Combinator,https://www.ycombinator.com/companies/usul,Usul,UNKNOWN,2026-09-06T23:02:49.305703Z
1.0,PRODUCT,Y Combinator,https://www.ycombinator.com/companies/oway,Oway,UNKNOWN,2026-09-06T23:02:49.305718Z
1.0,PRODUCT,Y Combinator,https://www.ycombinator.com/companies/elayne,Elayne,UNKNOWN,2026-09-06T23:02:49.305780Z
1.0,PRODUCT,Y Combinator,https://www.ycombinator.com/companies/blaze-2,Blaze,UNKNOWN,2026-09-06T23:02:49.305794Z
1.0,PRODUCT,Y Combinator,https://www.ycombinator.com/companies/tradeflow,TradeFlow,UNKNOWN,2026-09-06T23:02:49.305855Z
1.0,PRODUCT,Y Combinator,https://www.ycombinator.com/companies/voker,Voker,UNKNOWN,2026-09-06T23:02:49.305869Z
1.0,PRODUCT,Y Combinator,https://www.ycombinator.com/companies/rastro,Astro,UNKNOWN,2026-09-06T23:02:49.305933Z
1.0,PRODUCT,Y Combinator,https://www.ycombinator.com/companies/quetzal,Quetzal,UNKNOWN,2026-09-06T23:02:49.305996Z
1.0,PRODUCT,Y Combinator,https://www.ycombinator.com/companies/typa,Typa,UNKNOWN,2026-09-06T23:02:49.306010Z
1.0,PRODUCT,Y Combinator,https://www.ycombinator.com/companies/draft-the-record,Draft The Record,UNKNOWN,2026-09-06T23:02:49.306073Z
1.0,PRODUCT,Y Combinator,https://www.ycombinator.com/companies/orca-client,Orca Client,UNKNOWN,2026-09-06T23:02:49.306139Z
1.0,PRODUCT,Y Combinator,https://www.ycombinator.com/companies/assembly-hoa,Assembly HOA,UNKNOWN,2026-09-06T23:02:49.306199Z
1.0,PRODUCT,Y Combinator,https://www.ycombinator.com/companies/autarc,autarc,UNKNOWN,2026-09-06T23:02:49.306260Z
1.0,PRODUCT,Y Combinator,https://www.ycombinator.com/companies/polymet,Polymet,UNKNOWN,2026-09-06T23:02:49.306321Z
1.0,PRODUCT,Y Combinator,https://www.ycombinator.com/companies/propaya,Propaya,UNKNOWN,2026-09-06T23:02:49.306382Z
1.0,PRODUCT,Y Combinator,https://www.ycombinator.com/companies/zeropath,ZeroPath,UNKNOWN,2026-09-06T23:02:49.306447Z
1.0,PRODUCT,Y Combinator,https://www.ycombinator.com/companies/bluedoor,Bluedoor,UNKNOWN,2026-09-06T23:02:49.306511Z
1.0,PRODUCT,Y Combinator,https://www.ycombinator.com/companies/starcloud,Starcloud,UNKNOWN,2026-09-06T23:02:49.306573Z
1.0,PRODUCT,Y Combinator,https://www.ycombinator.com/companies/dataleap,Dataleap,UNKNOWN,2026-09-06T23:02:49.306634Z
1.0,PRODUCT,Y Combinator,https://www.ycombinator.com/companies/handled,Handled,UNKNOWN,2026-09-06T23:02:49.306698Z
1.0,PRODUCT,Y Combinator,https://www.ycombinator.com/companies/rescript,Rescript,UNKNOWN,2026-09-06T23:02:49.306761Z
1.0,PRODUCT,Y Combinator,https://www.ycombinator.com/companies/heroui,HeroUI,UNKNOWN,2026-09-06T23:02:49.306823Z
1.0,PRODUCT,Y Combinator,https://www.ycombinator.com/companies/haystackeditor,Haystack,UNKNOWN,2026-09-06T23:02:49.306894Z
1.0,PRODUCT,Y Combinator,https://www.ycombinator.com/companies/odo,Odo,UNKNOWN,2026-09-06T23:02:49.306910Z
1.0,PRODUCT,Y Combinator,https://www.ycombinator.com/companies/cartage,Cartage,UNKNOWN,2026-09-06T23:02:49.306980Z
1.0,PRODUCT,Y Combinator,https://www.ycombinator.com/companies/youshift,YouShift,UNKNOWN,2026-09-06T23:02:49.307043Z
1.0,PRODUCT,Y Combinator,https://www.ycombinator.com/companies/palmier,Palmier,UNKNOWN,2026-09-06T23:02:49.307104Z
1.0,PRODUCT,Y Combinator,https://www.ycombinator.com/companies/simple-ai,Besimple AI,UNKNOWN,2026-09-06T23:02:49.307172Z
1.0,PRODUCT,Y Combinator,https://www.ycombinator.com/companies/sensei,Sensei,UNKNOWN,2026-09-06T23:02:49.307235Z
1.0,PRODUCT,Y Combinator,https://www.ycombinator.com/companies/laminar,Laminar,UNKNOWN,2026-09-06T23:02:49.307246Z
1.0,PRODUCT,Y Combinator,https://www.ycombinator.com/companies/presti-ai,PARES AI,UNKNOWN,2026-09-06T23:02:49.307310Z
1.0,PRODUCT,Y Combinator,https://www.ycombinator.com/companies/the-forecasting-company,The Forecasting Company,UNKNOWN,2026-09-06T23:02:49.307374Z
1.0,PRODUCT,Y Combinator,https://www.ycombinator.com/companies/praxos,Praxos,UNKNOWN,2026-09-06T23:02:49.307437Z
1.0,PRODUCT,Y Combinator,https://www.ycombinator.com/companies/zettascale,Zettascale,UNKNOWN,2026-09-06T23:02:49.307501Z
1.0,PRODUCT,Y Combinator,https://www.ycombinator.com/companies/brighterway,Brighterway,UNKNOWN,2026-09-06T23:02:49.307563Z
1.0,PRODUCT,Y Combinator,https://www.ycombinator.com/companies/soff,Soff,UNKNOWN,2026-09-06T23:02:49.307578Z
1.0,PRODUCT,Y Combinator,https://www.ycombinator.com/companies/parley,Parley,UNKNOWN,2026-09-06T23:02:49.307640Z
1.0,PRODUCT,Y Combinator,https://www.ycombinator.com/companies/thunder-compute,Thunder Compute,UNKNOWN,2026-09-06T23:02:49.307703Z
1.0,PRODUCT,Y Combinator,https://www.ycombinator.com/companies/kura-ai,Kura AI,UNKNOWN,2026-09-06T23:02:49.307767Z
1.0,PRODUCT,Y Combinator,https://www.ycombinator.com/companies/emergent,Emergent,UNKNOWN,2026-09-06T23:02:49.307829Z
1.0,PRODUCT,Y Combinator,https://www.ycombinator.com/companies/zeit-ai,Zeit AI,UNKNOWN,2026-09-06T23:02:49.307890Z
1.0,PRODUCT,Y Combinator,https://www.ycombinator.com/companies/piggy-robotics,Piggy Robotics,UNKNOWN,2026-09-06T23:02:49.307953Z
1.0,PRODUCT,Y Combinator,https://www.ycombinator.com/companies/distro,Distro,UNKNOWN,2026-09-06T23:02:49.308016Z
1.0,PRODUCT,Y Combinator,https://www.ycombinator.com/companies/mage-legal,Mage Legal,UNKNOWN,2026-09-06T23:02:49.308080Z
1.0,PRODUCT,Y Combinator,https://www.ycombinator.com/companies/conductor-quantum,Conductor Quantum,UNKNOWN,2026-09-06T23:02:49.308142Z
1.0,PRODUCT,Y Combinator,https://www.ycombinator.com/companies/opslane,Opslane,UNKNOWN,2026-09-06T23:02:49.308203Z
1.0,PRODUCT,Y Combinator,https://www.ycombinator.com/companies/winfunc,winfunc,UNKNOWN,2026-09-06T23:02:49.308266Z
1.0,PRODUCT,Y Combinator,https://www.ycombinator.com/companies/seals-ai,Seals AI,UNKNOWN,2026-09-06T23:02:49.308328Z
1.0,PRODUCT,Y Combinator,https://www.ycombinator.com/companies/drillbit,Drillbit,UNKNOWN,2026-09-06T23:02:49.308392Z
1.0,PRODUCT,Y Combinator,https://www.ycombinator.com/companies/sharpe,Harper,UNKNOWN,2026-09-06T23:02:49.308455Z
1.0,PRODUCT,Y Combinator,https://www.ycombinator.com/companies/redouble-ai,Redouble AI,UNKNOWN,2026-09-06T23:02:49.308518Z
1.0,PRODUCT,Y Combinator,https://www.ycombinator.com/companies/planbase,Planbase,UNKNOWN,2026-09-06T23:02:49.308582Z
1.0,PRODUCT,Y Combinator,https://www.ycombinator.com/companies/anara,Anara,UNKNOWN,2026-09-06T23:02:49.308596Z
1.0,PRODUCT,Y Combinator,https://www.ycombinator.com/companies/vibe,Vibe,UNKNOWN,2026-09-06T23:02:49.308610Z
1.0,PRODUCT,Y Combinator,https://www.ycombinator.com/companies/zoa-research,Zoa Research,UNKNOWN,2026-09-06T23:02:49.308700Z
1.0,PRODUCT,Y Combinator,https://www.ycombinator.com/companies/clearly-ai,Clearly AI,UNKNOWN,2026-09-06T23:02:49.308771Z
1.0,PRODUCT,Y Combinator,https://www.ycombinator.com/companies/overstand-labs,Overstand Labs,UNKNOWN,2026-09-06T23:02:49.309049Z
1.0,PRODUCT,Y Combinator,https://www.ycombinator.com/companies/ontra-mobility,Ontra Mobility,UNKNOWN,2026-09-06T23:02:49.309134Z
1.0,PRODUCT,Y Combinator,https://www.ycombinator.com/companies/aluna,Aluna,UNKNOWN,2026-09-06T23:02:49.309150Z
1.0,PRODUCT,Y Combinator,https://www.ycombinator.com/companies/panora,Panora,UNKNOWN,2026-09-06T23:02:49.309216Z
1.0,PRODUCT,Y Combinator,https://www.ycombinator.com/companies/cmux,cmux,UNKNOWN,2026-09-06T23:02:49.309230Z
1.0,PRODUCT,Y Combinator,https://www.ycombinator.com/companies/creativemode,CreativeMode,UNKNOWN,2026-09-06T23:02:49.309298Z
1.0,PRODUCT,Y Combinator,https://www.ycombinator.com/companies/anthrogen,Anthrogen,UNKNOWN,2026-09-06T23:02:49.309375Z
1.0,PRODUCT,Y Combinator,https://www.ycombinator.com/companies/benchify,Benchify,UNKNOWN,2026-09-06T23:02:49.309442Z
1.0,PRODUCT,Y Combinator,https://www.ycombinator.com/companies/fazeshift,Fazeshift,UNKNOWN,2026-09-06T23:02:49.309510Z
1.0,PRODUCT,Y Combinator,https://www.ycombinator.com/companies/taxgpt,TaxGPT,UNKNOWN,2026-09-06T23:02:49.309577Z
1.0,PRODUCT,Y Combinator,https://www.ycombinator.com/companies/mito-health,Mito Health,UNKNOWN,2026-09-06T23:02:49.309650Z
1.0,PRODUCT,Y Combinator,https://www.ycombinator.com/companies/lighthouz-ai,Lighthouz AI,UNKNOWN,2026-09-06T23:02:49.309783Z
1.0,PRODUCT,Y Combinator,https://www.ycombinator.com/companies/modus,Modus,UNKNOWN,2026-09-06T23:02:49.309809Z
1.0,PRODUCT,Y Combinator,https://www.ycombinator.com/companies/ledgerup,LedgerUp,UNKNOWN,2026-09-06T23:02:49.309889Z
1.0,PRODUCT,Y Combinator,https://www.ycombinator.com/companies/plume,Plume,UNKNOWN,2026-09-06T23:02:49.309903Z
1.0,PRODUCT,Y Combinator,https://www.ycombinator.com/companies/stormy,Stormy,UNKNOWN,2026-09-06T23:02:49.309973Z
1.0,PRODUCT,Y Combinator,https://www.ycombinator.com/companies/dench-com,Dench.com,UNKNOWN,2026-09-06T23:02:49.310039Z
1.0,PRODUCT,Y Combinator,https://www.ycombinator.com/companies/gauge,Gauge,UNKNOWN,2026-09-06T23:02:49.310053Z
1.0,PRODUCT,Y Combinator,https://www.ycombinator.com/companies/kenley,Kenley,UNKNOWN,2026-09-06T23:02:49.310119Z
1.0,PRODUCT,Y Combinator,https://www.ycombinator.com/companies/tivara,Nivara,UNKNOWN,2026-09-06T23:02:49.310191Z
1.0,PRODUCT,Y Combinator,https://www.ycombinator.com/companies/minusx,MinusX,UNKNOWN,2026-09-06T23:02:49.310260Z
1.0,PRODUCT,Y Combinator,https://www.ycombinator.com/companies/joinlore,Lore,UNKNOWN,2026-09-06T23:02:49.310366Z
1.0,PRODUCT,Y Combinator,https://www.ycombinator.com/companies/parahelp,Parahelp,UNKNOWN,2026-09-06T23:02:49.310439Z
1.0,PRODUCT,Y Combinator,https://www.ycombinator.com/companies/codeviz,CodeViz,UNKNOWN,2026-09-06T23:02:49.310509Z
1.0,PRODUCT,Y Combinator,https://www.ycombinator.com/companies/runlocal-ai,RunLocal AI,UNKNOWN,2026-09-06T23:02:49.310584Z
1.0,PRODUCT,Y Combinator,https://www.ycombinator.com/companies/dodo,Dodo,UNKNOWN,2026-09-06T23:02:49.310599Z
1.0,PRODUCT,Y Combinator,https://www.ycombinator.com/companies/elevate-2,Elevate,UNKNOWN,2026-09-06T23:02:49.310671Z
1.0,PRODUCT,Y Combinator,https://www.ycombinator.com/companies/storia-ai,Storia AI,UNKNOWN,2026-09-06T23:02:49.310742Z
1.0,PRODUCT,Y Combinator,https://www.ycombinator.com/companies/deepsim-inc,"DeepSim, Inc.",UNKNOWN,2026-09-06T23:02:49.310815Z
1.0,PRODUCT,Y Combinator,https://www.ycombinator.com/companies/scape,Scape,UNKNOWN,2026-09-06T23:02:49.310831Z
1.0,PRODUCT,Y Combinator,https://www.ycombinator.com/companies/proxis,Proxis,UNKNOWN,2026-09-06T23:02:49.310901Z
1.0,PRODUCT,Y Combinator,https://www.ycombinator.com/companies/willow,Willow,UNKNOWN,2026-09-06T23:02:49.310974Z
1.0,PRODUCT,Y Combinator,https://www.ycombinator.com/companies/cloudglue,Cloudglue,UNKNOWN,2026-09-06T23:02:49.311215Z
1.0,PRODUCT,Y Combinator,https://www.ycombinator.com/companies/networkocean,NetworkOcean,UNKNOWN,2026-09-06T23:02:49.311313Z
1.0,PRODUCT,Y Combinator,https://www.ycombinator.com/companies/silurian,Silurian,UNKNOWN,2026-09-06T23:02:49.311384Z
1.0,PRODUCT,Y Combinator,https://www.ycombinator.com/companies/unbound,Unbound,UNKNOWN,2026-09-06T23:02:49.311450Z
1.0,PRODUCT,Y Combinator,https://www.ycombinator.com/companies/decisional-ai,Decisional AI,UNKNOWN,2026-09-06T23:02:49.311518Z
1.0,PRODUCT,Y Combinator,https://www.ycombinator.com/companies/stardrift,Stardrift,UNKNOWN,2026-09-06T23:02:49.311585Z
1.0,PRODUCT,Y Combinator,https://www.ycombinator.com/companies/firstwork,FirstWork,UNKNOWN,2026-09-06T23:02:49.311651Z
1.0,PRODUCT,Y Combinator,https://www.ycombinator.com/companies/sorcerer,Sorcerer,UNKNOWN,2026-09-06T23:02:49.311810Z
1.0,PRODUCT,Y Combinator,https://www.ycombinator.com/companies/wordware,Wordware,UNKNOWN,2026-09-06T23:02:49.311997Z
1.0,PRODUCT,Y Combinator,https://www.ycombinator.com/companies/maitai,Maitai,UNKNOWN,2026-09-06T23:02:49.312145Z
1.0,PRODUCT,Y Combinator,https://www.ycombinator.com/companies/corgi-insurance,Corgi Insurance,UNKNOWN,2026-09-06T23:02:49.312317Z
1.0,PRODUCT,Y Combinator,https://www.ycombinator.com/companies/sagecare,Sage Care,UNKNOWN,2026-09-06T23:02:49.312462Z
1.0,PRODUCT,Y Combinator,https://www.ycombinator.com/companies/bayesline,Bayesline,UNKNOWN,2026-09-06T23:02:49.312614Z
1.0,PRODUCT,Y Combinator,https://www.ycombinator.com/companies/digitalcarbon,DigitalCarbon,UNKNOWN,2026-09-06T23:02:49.312741Z
1.0,PRODUCT,Y Combinator,https://www.ycombinator.com/companies/random-labs,Random Labs,UNKNOWN,2026-09-06T23:02:49.312901Z
1.0,PRODUCT,Y Combinator,https://www.ycombinator.com/companies/unsloth-ai,Unsloth AI,UNKNOWN,2026-09-06T23:02:49.313039Z
1.0,PRODUCT,Y Combinator,https://www.ycombinator.com/companies/codes-health,Codes Health,UNKNOWN,2026-09-06T23:02:49.313198Z
1.0,PRODUCT,Y Combinator,https://www.ycombinator.com/companies/entangl,Entangl,UNKNOWN,2026-09-06T23:02:49.313352Z
1.0,PRODUCT,Y Combinator,https://www.ycombinator.com/companies/prohostai,ProhostAI,UNKNOWN,2026-09-06T23:02:49.313485Z
1.0,PRODUCT,Y Combinator,https://www.ycombinator.com/companies/educato,Educato,UNKNOWN,2026-09-06T23:02:49.313624Z
1.0,PRODUCT,Y Combinator,https://www.ycombinator.com/companies/saphira-ai,Saphira AI,UNKNOWN,2026-09-06T23:02:49.313779Z
1.0,PRODUCT,Y Combinator,https://www.ycombinator.com/companies/mem0,Mem0,UNKNOWN,2026-09-06T23:02:49.313836Z
1.0,PRODUCT,Y Combinator,https://www.ycombinator.com/companies/cheers,Cheers,UNKNOWN,2026-09-06T23:02:49.313931Z
1.0,PRODUCT,Y Combinator,https://www.ycombinator.com/companies/understood-care,Understood Care,UNKNOWN,2026-09-06T23:02:49.314004Z
1.0,PRODUCT,Y Combinator,https://www.ycombinator.com/companies/variant,Variant,UNKNOWN,2026-09-06T23:02:49.314071Z
1.0,PRODUCT,Y Combinator,https://www.ycombinator.com/companies/doublezero,Doublezero,UNKNOWN,2026-09-06T23:02:49.314140Z
1.0,PRODUCT,Y Combinator,https://www.ycombinator.com/companies/superunit,Superunit,UNKNOWN,2026-09-06T23:02:49.314206Z
1.0,PRODUCT,Y Combinator,https://www.ycombinator.com/companies/undermind,Undermind,UNKNOWN,2026-09-06T23:02:49.314276Z
1.0,PRODUCT,Y Combinator,https://www.ycombinator.com/companies/domu-technology-inc,Domu Technology Inc.,UNKNOWN,2026-09-06T23:02:49.314346Z
1.0,PRODUCT,Y Combinator,https://www.ycombinator.com/companies/ultra,Ultra,UNKNOWN,2026-09-06T23:02:49.314360Z
1.0,PRODUCT,Y Combinator,https://www.ycombinator.com/companies/angstrom-ai,Ångström AI,UNKNOWN,2026-09-06T23:02:49.314430Z
1.0,PRODUCT,Y Combinator,https://www.ycombinator.com/companies/coval,Coval,UNKNOWN,2026-09-06T23:02:49.314444Z
1.0,PRODUCT,Y Combinator,https://www.ycombinator.com/companies/marr-labs,Marr Labs,UNKNOWN,2026-09-06T23:02:49.314515Z
1.0,PRODUCT,Y Combinator,https://www.ycombinator.com/companies/forge-rewards,Forge Rewards,UNKNOWN,2026-09-06T23:02:49.314583Z
1.0,PRODUCT,Y Combinator,https://www.ycombinator.com/companies/retailready,RetailReady,UNKNOWN,2026-09-06T23:02:49.314655Z
1.0,PRODUCT,Y Combinator,https://www.ycombinator.com/companies/million,Million,UNKNOWN,2026-09-06T23:02:49.314728Z
1.0,PRODUCT,Y Combinator,https://www.ycombinator.com/companies/getcrux,GetCrux,UNKNOWN,2026-09-06T23:02:49.314796Z
1.0,PRODUCT,Y Combinator,https://www.ycombinator.com/companies/inspectmind-ai,InspectMind AI,UNKNOWN,2026-09-06T23:02:49.314866Z
1.0,PRODUCT,Y Combinator,https://www.ycombinator.com/companies/yarn-2,Yarn,UNKNOWN,2026-09-06T23:02:49.314881Z
1.0,PRODUCT,Y Combinator,https://www.ycombinator.com/companies/kater-ai,kater.ai,UNKNOWN,2026-09-06T23:02:49.314950Z
1.0,PRODUCT,Y Combinator,https://www.ycombinator.com/companies/mathos,Mathos,UNKNOWN,2026-09-06T23:02:49.315019Z
1.0,PRODUCT,Y Combinator,https://www.ycombinator.com/companies/tower,Tower,UNKNOWN,2026-09-06T23:02:49.315037Z
1.0,PRODUCT,Y Combinator,https://www.ycombinator.com/companies/dragoneye,Dragoneye,UNKNOWN,2026-09-06T23:02:49.315110Z
1.0,PRODUCT,Y Combinator,https://www.ycombinator.com/companies/latted,Latted,UNKNOWN,2026-09-06T23:02:49.315190Z
1.0,PRODUCT,Y Combinator,https://www.ycombinator.com/companies/forge,Forge,UNKNOWN,2026-09-06T23:02:49.315206Z
1.0,PRODUCT,Y Combinator,https://www.ycombinator.com/companies/integuru,Integuru,UNKNOWN,2026-09-06T23:02:49.315278Z
1.0,PRODUCT,Y Combinator,https://www.ycombinator.com/companies/voxops-ai,VoxOps AI,UNKNOWN,2026-09-06T23:02:49.315350Z
1.0,PRODUCT,Y Combinator,https://www.ycombinator.com/companies/reform,Sureform,UNKNOWN,2026-09-06T23:02:49.315431Z
1.0,PRODUCT,Y Combinator,https://www.ycombinator.com/companies/piramidal,Piramidal,UNKNOWN,2026-09-06T23:02:49.315505Z
1.0,PRODUCT,Y Combinator,https://www.ycombinator.com/companies/evolvere-biosciences,Evolvere BioSciences,UNKNOWN,2026-09-06T23:02:49.315586Z
1.0,PRODUCT,Y Combinator,https://www.ycombinator.com/companies/spur,Spur,UNKNOWN,2026-09-06T23:02:49.315602Z
1.0,PRODUCT,Y Combinator,https://www.ycombinator.com/companies/silogy,Silogy,UNKNOWN,2026-09-06T23:02:49.315671Z
1.0,PRODUCT,Y Combinator,https://www.ycombinator.com/companies/senso,Senso,UNKNOWN,2026-09-06T23:02:49.315686Z
1.0,PRODUCT,Y Combinator,https://www.ycombinator.com/companies/openfoundry,OpenFoundry,UNKNOWN,2026-09-06T23:02:49.315760Z
1.0,PRODUCT,Y Combinator,https://www.ycombinator.com/companies/magic-hour,Magic Hour,UNKNOWN,2026-09-06T23:02:49.315832Z
1.0,PRODUCT,Y Combinator,https://www.ycombinator.com/companies/marblism,Marblism,UNKNOWN,2026-09-06T23:02:49.316018Z
1.0,PRODUCT,Y Combinator,https://www.ycombinator.com/companies/commodityai,CommodityAI,UNKNOWN,2026-09-06T23:02:49.316193Z
1.0,PRODUCT,Y Combinator,https://www.ycombinator.com/companies/veles,Veles,UNKNOWN,2026-09-06T23:02:49.316233Z
1.0,PRODUCT,Y Combinator,https://www.ycombinator.com/companies/fluently,Fluently,UNKNOWN,2026-09-06T23:02:49.316359Z
1.0,PRODUCT,Y Combinator,https://www.ycombinator.com/companies/basepilot,Basepilot,UNKNOWN,2026-09-06T23:02:49.316498Z
1.0,PRODUCT,Y Combinator,https://www.ycombinator.com/companies/aqua-voice,Aqua Voice,UNKNOWN,2026-09-06T23:02:49.316641Z
1.0,PRODUCT,Y Combinator,https://www.ycombinator.com/companies/deepnight,Deepnight,UNKNOWN,2026-09-06T23:02:49.316776Z
1.0,PRODUCT,Y Combinator,https://www.ycombinator.com/companies/adapted,Adapted,UNKNOWN,2026-09-06T23:02:49.316901Z
1.0,PRODUCT,Y Combinator,https://www.ycombinator.com/companies/ocular-ai,Ocular AI,UNKNOWN,2026-09-06T23:02:49.317028Z
1.0,PRODUCT,Y Combinator,https://www.ycombinator.com/companies/retell-ai,Retell AI,UNKNOWN,2026-09-06T23:02:49.317152Z
1.0,PRODUCT,Y Combinator,https://www.ycombinator.com/companies/rove,Rove,UNKNOWN,2026-09-06T23:02:49.317200Z
1.0,PRODUCT,Y Combinator,https://www.ycombinator.com/companies/camelai,camelAI,UNKNOWN,2026-09-06T23:02:49.317328Z
1.0,PRODUCT,Y Combinator,https://www.ycombinator.com/companies/spark,Spark,UNKNOWN,2026-09-06T23:02:49.317358Z
1.0,PRODUCT,Y Combinator,https://www.ycombinator.com/companies/downlink,Downlink,UNKNOWN,2026-09-06T23:02:49.317503Z
1.0,PRODUCT,Y Combinator,https://www.ycombinator.com/companies/shepherd-2,Shepherd,UNKNOWN,2026-09-06T23:02:49.317663Z
1.0,PRODUCT,Y Combinator,https://www.ycombinator.com/companies/zep-ai,Zep AI,UNKNOWN,2026-09-06T23:02:49.317820Z
1.0,PRODUCT,Y Combinator,https://www.ycombinator.com/companies/openmart,Openmart,UNKNOWN,2026-09-06T23:02:49.317951Z
1.0,PRODUCT,Y Combinator,https://www.ycombinator.com/companies/alai,Alai,UNKNOWN,2026-09-06T23:02:49.317995Z
1.0,PRODUCT,Y Combinator,https://www.ycombinator.com/companies/brainbase-labs,Brainbase Labs,UNKNOWN,2026-09-06T23:02:49.318140Z
1.0,PRODUCT,Y Combinator,https://www.ycombinator.com/companies/focal,Focal,UNKNOWN,2026-09-06T23:02:49.318200Z
1.0,PRODUCT,Y Combinator,https://www.ycombinator.com/companies/ligo-biosciences,Ligo Biosciences,UNKNOWN,2026-09-06T23:02:49.318352Z
1.0,PRODUCT,Y Combinator,https://www.ycombinator.com/companies/model-ml,Model ML,UNKNOWN,2026-09-06T23:02:49.318495Z
1.0,PRODUCT,Y Combinator,https://www.ycombinator.com/companies/betterbasket,BetterBasket,UNKNOWN,2026-09-06T23:02:49.318636Z
1.0,PRODUCT,Y Combinator,https://www.ycombinator.com/companies/justai,JustAI,UNKNOWN,2026-09-06T23:02:49.318778Z
1.0,PRODUCT,Y Combinator,https://www.ycombinator.com/companies/risotto,Risotto,UNKNOWN,2026-09-06T23:02:49.318940Z
1.0,PRODUCT,Y Combinator,https://www.ycombinator.com/companies/diana,Diana,UNKNOWN,2026-09-06T23:02:49.319097Z
1.0,PRODUCT,Y Combinator,https://www.ycombinator.com/companies/yondu,Yondu,UNKNOWN,2026-09-06T23:02:49.319136Z
1.0,PRODUCT,Y Combinator,https://www.ycombinator.com/companies/raindrop,Raindrop,UNKNOWN,2026-09-06T23:02:49.319286Z
1.0,PRODUCT,Y Combinator,https://www.ycombinator.com/companies/centauri-ai,Centauri AI,UNKNOWN,2026-09-06T23:02:49.319417Z
1.0,PRODUCT,Y Combinator,https://www.ycombinator.com/companies/prosights,ProSights,UNKNOWN,2026-09-06T23:02:49.319561Z
1.0,PRODUCT,Y Combinator,https://www.ycombinator.com/companies/manifold-freight,Manifold Freight,UNKNOWN,2026-09-06T23:02:49.319701Z
1.0,PRODUCT,Y Combinator,https://www.ycombinator.com/companies/edgetrace,EdgeTrace,UNKNOWN,2026-09-06T23:02:49.319849Z
1.0,PRODUCT,Y Combinator,https://www.ycombinator.com/companies/clarum,Clarm,UNKNOWN,2026-09-06T23:02:49.319991Z
1.0,PRODUCT,Y Combinator,https://www.ycombinator.com/companies/offdeal,OffDeal,UNKNOWN,2026-09-06T23:02:49.320118Z
1.0,PRODUCT,Y Combinator,https://www.ycombinator.com/companies/overeasy,Overeasy,UNKNOWN,2026-09-06T23:02:49.320261Z
1.0,PRODUCT,Y Combinator,https://www.ycombinator.com/companies/andy-ai,Andy AI,UNKNOWN,2026-09-06T23:02:49.320401Z
1.0,PRODUCT,Y Combinator,https://www.ycombinator.com/companies/hazel-2,Hazel,UNKNOWN,2026-09-06T23:02:49.320437Z
1.0,PRODUCT,Y Combinator,https://www.ycombinator.com/companies/conduit-ai,Conduit,UNKNOWN,2026-09-06T23:02:49.320575Z
1.0,PRODUCT,Y Combinator,https://www.ycombinator.com/companies/whip,Whip,UNKNOWN,2026-09-06T23:02:49.320608Z
1.0,PRODUCT,Y Combinator,https://www.ycombinator.com/companies/toma,Toma,UNKNOWN,2026-09-06T23:02:49.320650Z
1.0,PRODUCT,Y Combinator,https://www.ycombinator.com/companies/carma,Carma,UNKNOWN,2026-09-06T23:02:49.320682Z
1.0,PRODUCT,Y Combinator,https://www.ycombinator.com/companies/superagent,Superagent,UNKNOWN,2026-09-06T23:02:49.320819Z
1.0,PRODUCT,Y Combinator,https://www.ycombinator.com/companies/sagaland,Sagaland,UNKNOWN,2026-09-06T23:02:49.320946Z
1.0,PRODUCT,Y Combinator,https://www.ycombinator.com/companies/ellipsis,Ellipsis,UNKNOWN,2026-09-06T23:02:49.321095Z
1.0,PRODUCT,Y Combinator,https://www.ycombinator.com/companies/solari-ai,Solari AI,UNKNOWN,2026-09-06T23:02:49.321272Z
1.0,PRODUCT,Y Combinator,https://www.ycombinator.com/companies/pazi,Pazi,UNKNOWN,2026-09-06T23:02:49.321302Z
1.0,PRODUCT,Y Combinator,https://www.ycombinator.com/companies/salvy,Salvy,UNKNOWN,2026-09-06T23:02:49.321320Z
1.0,PRODUCT,Y Combinator,https://www.ycombinator.com/companies/centralize,Centralize,UNKNOWN,2026-09-06T23:02:49.321407Z
1.0,PRODUCT,Y Combinator,https://www.ycombinator.com/companies/nanocorp,NanoCorp,UNKNOWN,2026-09-06T23:02:49.321486Z
1.0,PRODUCT,Y Combinator,https://www.ycombinator.com/companies/firebender,Firebender,UNKNOWN,2026-09-06T23:02:49.321566Z
1.0,PRODUCT,Y Combinator,https://www.ycombinator.com/companies/feldy,Feldy,UNKNOWN,2026-09-06T23:02:49.321583Z
1.0,PRODUCT,Y Combinator,https://www.ycombinator.com/companies/fuse-2,Fuse,UNKNOWN,2026-09-06T23:02:49.321599Z
1.0,PRODUCT,Y Combinator,https://www.ycombinator.com/companies/parallel,Parallel,UNKNOWN,2026-09-06T23:02:49.321680Z
1.0,PRODUCT,Y Combinator,https://www.ycombinator.com/companies/vibrant-labs,Vibrant Labs,UNKNOWN,2026-09-06T23:02:49.321760Z
1.0,PRODUCT,Y Combinator,https://www.ycombinator.com/companies/pandasai,PandasAI,UNKNOWN,2026-09-06T23:02:49.321834Z
1.0,PRODUCT,Y Combinator,https://www.ycombinator.com/companies/inquery-2,InQuery,UNKNOWN,2026-09-06T23:02:49.321909Z
1.0,PRODUCT,Y Combinator,https://www.ycombinator.com/companies/gloglo,GloGlo,UNKNOWN,2026-09-06T23:02:49.321982Z
1.0,PRODUCT,Y Combinator,https://www.ycombinator.com/companies/tamarind-bio,Tamarind Bio,UNKNOWN,2026-09-06T23:02:49.322056Z
1.0,PRODUCT,Y Combinator,https://www.ycombinator.com/companies/clarion,Clarion,UNKNOWN,2026-09-06T23:02:49.322127Z
1.0,PRODUCT,Y Combinator,https://www.ycombinator.com/companies/decipher-ai,Decipher AI,UNKNOWN,2026-09-06T23:02:49.322204Z
1.0,PRODUCT,Y Combinator,https://www.ycombinator.com/companies/lemonslice,LemonLime,UNKNOWN,2026-09-06T23:02:49.322281Z
1.0,PRODUCT,Y Combinator,https://www.ycombinator.com/companies/polished,Polished,UNKNOWN,2026-09-06T23:02:49.322352Z
1.0,PRODUCT,Y Combinator,https://www.ycombinator.com/companies/guide-labs,Guide Labs,UNKNOWN,2026-09-06T23:02:49.322425Z
1.0,PRODUCT,Y Combinator,https://www.ycombinator.com/companies/monumint,Monumint,UNKNOWN,2026-09-06T23:02:49.322495Z
1.0,PRODUCT,Y Combinator,https://www.ycombinator.com/companies/respan,Respan,UNKNOWN,2026-09-06T23:02:49.322568Z
1.0,PRODUCT,Y Combinator,https://www.ycombinator.com/companies/promptarmor,PromptArmor,UNKNOWN,2026-09-06T23:02:49.322644Z
1.0,PRODUCT,Y Combinator,https://www.ycombinator.com/companies/meticulate,Meticulate,UNKNOWN,2026-09-06T23:02:49.322717Z
1.0,PRODUCT,Y Combinator,https://www.ycombinator.com/companies/attunement,Attunement,UNKNOWN,2026-09-06T23:02:49.322791Z
1.0,PRODUCT,Y Combinator,https://www.ycombinator.com/companies/copper-health,Copper Health,UNKNOWN,2026-09-06T23:02:49.322865Z
1.0,PRODUCT,Y Combinator,https://www.ycombinator.com/companies/panelytic,Panelytic,UNKNOWN,2026-09-06T23:02:49.322939Z
1.0,PRODUCT,Y Combinator,https://www.ycombinator.com/companies/topo,Topo,UNKNOWN,2026-09-06T23:02:49.322964Z
1.0,PRODUCT,Y Combinator,https://www.ycombinator.com/companies/trellis-ai,Trellis AI,UNKNOWN,2026-09-06T23:02:49.323039Z
1.0,PRODUCT,Y Combinator,https://www.ycombinator.com/companies/ecliptor,Ecliptor,UNKNOWN,2026-09-06T23:02:49.323111Z
1.0,PRODUCT,Y Combinator,https://www.ycombinator.com/companies/greenboard,Greenboard,UNKNOWN,2026-09-06T23:02:49.323186Z
1.0,PRODUCT,Y Combinator,https://www.ycombinator.com/companies/eggnog,Eggnog,UNKNOWN,2026-09-06T23:02:49.323258Z
1.0,PRODUCT,Y Combinator,https://www.ycombinator.com/companies/simplex,Simplex,UNKNOWN,2026-09-06T23:02:49.323332Z
1.0,PRODUCT,Y Combinator,https://www.ycombinator.com/companies/artisan,Artisan,UNKNOWN,2026-09-06T23:02:49.323404Z
1.0,PRODUCT,Y Combinator,https://www.ycombinator.com/companies/arini,Arini,UNKNOWN,2026-09-06T23:02:49.323420Z
1.0,PRODUCT,Y Combinator,https://www.ycombinator.com/companies/pointone,PointOne,UNKNOWN,2026-09-06T23:02:49.323493Z
1.0,PRODUCT,Y Combinator,https://www.ycombinator.com/companies/averyiq,AveryIQ,UNKNOWN,2026-09-06T23:02:49.323568Z
1.0,PRODUCT,Y Combinator,https://www.ycombinator.com/companies/breez-labs,Breez Labs,UNKNOWN,2026-09-06T23:02:49.323643Z
1.0,PRODUCT,Y Combinator,https://www.ycombinator.com/companies/basalt,Basalt,UNKNOWN,2026-09-06T23:02:49.323724Z
1.0,PRODUCT,Y Combinator,https://www.ycombinator.com/companies/agentic-labs-2,Agentic Labs,UNKNOWN,2026-09-06T23:02:49.323800Z
1.0,PRODUCT,Y Combinator,https://www.ycombinator.com/companies/pivot-robotics,Pivot Robotics,UNKNOWN,2026-09-06T23:02:49.323873Z
1.0,PRODUCT,Y Combinator,https://www.ycombinator.com/companies/keystroke,Keystroke,UNKNOWN,2026-09-06T23:02:49.323945Z
1.0,PRODUCT,Y Combinator,https://www.ycombinator.com/companies/ncompass-technologies,nCompass Technologies,UNKNOWN,2026-09-06T23:02:49.324280Z
1.0,PRODUCT,Y Combinator,https://www.ycombinator.com/companies/pretzel-ai,Retell AI,UNKNOWN,2026-09-06T23:02:49.324469Z
1.0,PRODUCT,Y Combinator,https://www.ycombinator.com/companies/alex-com,Alex,UNKNOWN,2026-09-06T23:02:49.324491Z
1.0,PRODUCT,Y Combinator,https://www.ycombinator.com/companies/saga-ai,Saga AI,UNKNOWN,2026-09-06T23:02:49.324626Z
1.0,PRODUCT,Y Combinator,https://www.ycombinator.com/companies/tuesday-labs,Tuesday Labs,UNKNOWN,2026-09-06T23:02:49.324712Z
1.0,PRODUCT,Y Combinator,https://www.ycombinator.com/companies/momentic,Momentic,UNKNOWN,2026-09-06T23:02:49.324788Z
1.0,PRODUCT,Y Combinator,https://www.ycombinator.com/companies/reducto,Educato,UNKNOWN,2026-09-06T23:02:49.324867Z
1.0,PRODUCT,Y Combinator,https://www.ycombinator.com/companies/andon-labs,Random Labs,UNKNOWN,2026-09-06T23:02:49.324945Z
1.0,PRODUCT,Y Combinator,https://www.ycombinator.com/companies/poka-labs,Poka Labs,UNKNOWN,2026-09-06T23:02:49.325031Z
1.0,PRODUCT,Y Combinator,https://www.ycombinator.com/companies/nuanced,Nuanced,UNKNOWN,2026-09-06T23:02:49.325106Z
1.0,PRODUCT,Y Combinator,https://www.ycombinator.com/companies/precip,Precip,UNKNOWN,2026-09-06T23:02:49.325182Z
1.0,PRODUCT,Y Combinator,https://www.ycombinator.com/companies/tracecat,Tracecat,UNKNOWN,2026-09-06T23:02:49.325257Z
1.0,PRODUCT,Y Combinator,https://www.ycombinator.com/companies/kabilah,Kabilah,UNKNOWN,2026-09-06T23:02:49.325330Z
1.0,PRODUCT,Y Combinator,https://www.ycombinator.com/companies/sonia,Sonia,UNKNOWN,2026-09-06T23:02:49.325346Z
1.0,PRODUCT,Y Combinator,https://www.ycombinator.com/companies/tekton-dynamics,Tekton Dynamics,UNKNOWN,2026-09-06T23:02:49.325422Z
1.0,PRODUCT,Y Combinator,https://www.ycombinator.com/companies/ion-design,ion design,UNKNOWN,2026-09-06T23:02:49.325590Z
1.0,PRODUCT,Y Combinator,https://www.ycombinator.com/companies/duckie,Duckie,UNKNOWN,2026-09-06T23:02:49.325796Z
1.0,PRODUCT,Y Combinator,https://www.ycombinator.com/companies/happenstance,Happenstance,UNKNOWN,2026-09-06T23:02:49.325887Z
1.0,PRODUCT,Y Combinator,https://www.ycombinator.com/companies/ubicloud,Ubicloud,UNKNOWN,2026-09-06T23:02:49.326092Z
1.0,PRODUCT,Y Combinator,https://www.ycombinator.com/companies/greptile,Greptile,UNKNOWN,2026-09-06T23:02:49.326289Z
1.0,PRODUCT,Y Combinator,https://www.ycombinator.com/companies/cora,Cora,UNKNOWN,2026-09-06T23:02:49.326330Z
1.0,PRODUCT,Y Combinator,https://www.ycombinator.com/companies/ego,ego,UNKNOWN,2026-09-06T23:02:49.326392Z
1.0,PRODUCT,Y Combinator,https://www.ycombinator.com/companies/legora,Legora,UNKNOWN,2026-09-06T23:02:49.326609Z
1.0,PRODUCT,Y Combinator,https://www.ycombinator.com/companies/scritch,Scritch,UNKNOWN,2026-09-06T23:02:49.326779Z
1.0,PRODUCT,Y Combinator,https://www.ycombinator.com/companies/drymerge,DryMerge,UNKNOWN,2026-09-06T23:02:49.326970Z
1.0,PRODUCT,Y Combinator,https://www.ycombinator.com/companies/navier-ai,Navier AI,UNKNOWN,2026-09-06T23:02:49.327170Z
1.0,PRODUCT,Y Combinator,https://www.ycombinator.com/companies/upsolve-ai,Upsolve AI,UNKNOWN,2026-09-06T23:02:49.327369Z
1.0,PRODUCT,Y Combinator,https://www.ycombinator.com/companies/event-horizon-labs,Event Horizon Labs,UNKNOWN,2026-09-06T23:02:49.327557Z
1.0,PRODUCT,Y Combinator,https://www.ycombinator.com/companies/goldbridge,Goldbridge,UNKNOWN,2026-09-06T23:02:49.327714Z
1.0,PRODUCT,Y Combinator,https://www.ycombinator.com/companies/letterbook,Letterbook,UNKNOWN,2026-09-06T23:02:49.327883Z
1.0,PRODUCT,Y Combinator,https://www.ycombinator.com/companies/orbio-earth,Orbio Earth,UNKNOWN,2026-09-06T23:02:49.327975Z
1.0,PRODUCT,Y Combinator,https://www.ycombinator.com/companies/tempo-2,Tempo,UNKNOWN,2026-09-06T23:02:49.328087Z
1.0,PRODUCT,Y Combinator,https://www.ycombinator.com/companies/opensteer,Opensteer,UNKNOWN,2026-09-06T23:02:49.328165Z
1.0,PRODUCT,Y Combinator,https://www.ycombinator.com/companies/cognitio-labs,Cognitio Labs,UNKNOWN,2026-09-06T23:02:49.328245Z
1.0,PRODUCT,Y Combinator,https://www.ycombinator.com/companies/truemetrics,truemetrics,UNKNOWN,2026-09-06T23:02:49.328342Z
1.0,PRODUCT,Y Combinator,https://www.ycombinator.com/companies/wattson-health,Wattson Health,UNKNOWN,2026-09-06T23:02:49.328422Z
1.0,PRODUCT,Y Combinator,https://www.ycombinator.com/companies/constructable,Constructable,UNKNOWN,2026-09-06T23:02:49.328503Z
1.0,PRODUCT,Y Combinator,https://www.ycombinator.com/companies/morph,Morph,UNKNOWN,2026-09-06T23:02:49.328520Z
1.0,PRODUCT,Y Combinator,https://www.ycombinator.com/companies/nowadays,Nowadays,UNKNOWN,2026-09-06T23:02:49.328598Z
1.0,PRODUCT,Y Combinator,https://www.ycombinator.com/companies/twine,Twine,UNKNOWN,2026-09-06T23:02:49.328616Z
1.0,PRODUCT,Y Combinator,https://www.ycombinator.com/companies/simbie-ai,Imbue,UNKNOWN,2026-09-06T23:02:49.328704Z
1.0,PRODUCT,Y Combinator,https://www.ycombinator.com/companies/aisdr,AiSDR,UNKNOWN,2026-09-06T23:02:49.328722Z
1.0,PRODUCT,Y Combinator,https://www.ycombinator.com/companies/giga,Giga,UNKNOWN,2026-09-06T23:02:49.328739Z
1.0,PRODUCT,Y Combinator,https://www.ycombinator.com/companies/inconvo,Inconvo,UNKNOWN,2026-09-06T23:02:49.328833Z
1.0,PRODUCT,Y Combinator,https://www.ycombinator.com/companies/roame,Roame,UNKNOWN,2026-09-06T23:02:49.328853Z
1.0,PRODUCT,Y Combinator,https://www.ycombinator.com/companies/dili,dili,UNKNOWN,2026-09-06T23:02:49.328872Z
1.0,PRODUCT,Y Combinator,https://www.ycombinator.com/companies/webhound,Webhound,UNKNOWN,2026-09-06T23:02:49.328959Z
1.0,PRODUCT,Y Combinator,https://www.ycombinator.com/companies/cair-health,Cair Health,UNKNOWN,2026-09-06T23:02:49.329061Z
1.0,PRODUCT,Y Combinator,https://www.ycombinator.com/companies/quill-bills,Quill Bills,UNKNOWN,2026-09-06T23:02:49.329260Z
1.0,PRODUCT,Y Combinator,https://www.ycombinator.com/companies/strada,Strada,UNKNOWN,2026-09-06T23:02:49.329406Z
1.0,PRODUCT,Y Combinator,https://www.ycombinator.com/companies/minded,Minded,UNKNOWN,2026-09-06T23:02:49.329506Z
1.0,PRODUCT,Y Combinator,https://www.ycombinator.com/companies/tiptap,Tiptap,UNKNOWN,2026-09-06T23:02:49.329609Z
1.0,PRODUCT,Y Combinator,https://www.ycombinator.com/companies/fiber-ai,Fiber AI,UNKNOWN,2026-09-06T23:02:49.329713Z
1.0,PRODUCT,Y Combinator,https://www.ycombinator.com/companies/terracotta-ai,Terracotta AI,UNKNOWN,2026-09-06T23:02:49.329814Z
1.0,PRODUCT,Y Combinator,https://www.ycombinator.com/companies/cedalio,Cedalio,UNKNOWN,2026-09-06T23:02:49.329916Z
1.0,PRODUCT,Y Combinator,https://www.ycombinator.com/companies/elythea,Elythea,UNKNOWN,2026-09-06T23:02:49.330023Z
1.0,PRODUCT,Y Combinator,https://www.ycombinator.com/companies/langdock,Langdock,UNKNOWN,2026-09-06T23:02:49.330127Z
1.0,PRODUCT,Y Combinator,https://www.ycombinator.com/companies/inventive-ai,Inventive AI,UNKNOWN,2026-09-06T23:02:49.330232Z
1.0,PRODUCT,Y Combinator,https://www.ycombinator.com/companies/sudocode,sudocode,UNKNOWN,2026-09-06T23:02:49.330333Z
1.0,PRODUCT,Y Combinator,https://www.ycombinator.com/companies/sweep,Sweep,UNKNOWN,2026-09-06T23:02:49.330355Z
1.0,PRODUCT,Y Combinator,https://www.ycombinator.com/companies/silimate,Silimate,UNKNOWN,2026-09-06T23:02:49.330463Z
1.0,PRODUCT,Y Combinator,https://www.ycombinator.com/companies/andromeda-surgical,Andromeda Surgical,UNKNOWN,2026-09-06T23:02:49.330571Z
1.0,PRODUCT,Y Combinator,https://www.ycombinator.com/companies/disputeninja,DisputeNinja,UNKNOWN,2026-09-06T23:02:49.330678Z
1.0,PRODUCT,Y Combinator,https://www.ycombinator.com/companies/vectorshift,VectorShift,UNKNOWN,2026-09-06T23:02:49.330783Z
1.0,PRODUCT,Y Combinator,https://www.ycombinator.com/companies/baserun,Baserun,UNKNOWN,2026-09-06T23:02:49.330884Z
1.0,PRODUCT,Y Combinator,https://www.ycombinator.com/companies/automorphic,Automorphic,UNKNOWN,2026-09-06T23:02:49.331020Z
1.0,PRODUCT,Y Combinator,https://www.ycombinator.com/companies/sola,Sola,UNKNOWN,2026-09-06T23:02:49.331045Z
1.0,PRODUCT,Y Combinator,https://www.ycombinator.com/companies/rankai,Rankai,UNKNOWN,2026-09-06T23:02:49.331140Z
1.0,PRODUCT,Y Combinator,https://www.ycombinator.com/companies/flint-2,Flint,UNKNOWN,2026-09-06T23:02:49.331166Z
1.0,PRODUCT,Y Combinator,https://www.ycombinator.com/companies/slicker,Slicker,UNKNOWN,2026-09-06T23:02:49.331279Z
1.0,PRODUCT,Y Combinator,https://www.ycombinator.com/companies/bolto,Bolto,UNKNOWN,2026-09-06T23:02:49.331302Z
1.0,PRODUCT,Y Combinator,https://www.ycombinator.com/companies/gleam,Gleam,UNKNOWN,2026-09-06T23:02:49.331323Z
1.0,PRODUCT,Y Combinator,https://www.ycombinator.com/companies/studdy,Studdy,UNKNOWN,2026-09-06T23:02:49.331428Z
1.0,PRODUCT,Y Combinator,https://www.ycombinator.com/companies/sizeless,sizeless,UNKNOWN,2026-09-06T23:02:49.331530Z
1.0,PRODUCT,Y Combinator,https://www.ycombinator.com/companies/glade,Glade,UNKNOWN,2026-09-06T23:02:49.331553Z
1.0,PRODUCT,Y Combinator,https://www.ycombinator.com/companies/empirical-health,Empirical Health,UNKNOWN,2026-09-06T23:02:49.331657Z
1.0,PRODUCT,Y Combinator,https://www.ycombinator.com/companies/agentcollect,AgentCollect,UNKNOWN,2026-09-06T23:02:49.331764Z
1.0,PRODUCT,Y Combinator,https://www.ycombinator.com/companies/midrender,Midrender,UNKNOWN,2026-09-06T23:02:49.331870Z
1.0,PRODUCT,Y Combinator,https://www.ycombinator.com/companies/bretton-ai,Bretton AI,UNKNOWN,2026-09-06T23:02:49.331973Z
1.0,PRODUCT,Y Combinator,https://www.ycombinator.com/companies/medisearch,MediSearch,UNKNOWN,2026-09-06T23:02:49.332076Z
1.0,PRODUCT,Y Combinator,https://www.ycombinator.com/companies/surface-labs,Surface Labs,UNKNOWN,2026-09-06T23:02:49.332183Z
1.0,PRODUCT,Y Combinator,https://www.ycombinator.com/companies/epsilla,Epsilla,UNKNOWN,2026-09-06T23:02:49.332288Z
1.0,PRODUCT,Y Combinator,https://www.ycombinator.com/companies/vetrec,VetRec,UNKNOWN,2026-09-06T23:02:49.332393Z
1.0,PRODUCT,Y Combinator,https://www.ycombinator.com/companies/numen,Numen,UNKNOWN,2026-09-06T23:02:49.332417Z
1.0,PRODUCT,Y Combinator,https://www.ycombinator.com/companies/decoda-health,Decoda Health,UNKNOWN,2026-09-06T23:02:49.332523Z
1.0,PRODUCT,Y Combinator,https://www.ycombinator.com/companies/skyvern,Skyvern,UNKNOWN,2026-09-06T23:02:49.332626Z
1.0,PRODUCT,Y Combinator,https://www.ycombinator.com/companies/cardinal-gray,Cardinal Gray,UNKNOWN,2026-09-06T23:02:49.332731Z
1.0,PRODUCT,Y Combinator,https://www.ycombinator.com/companies/dialtone,Dialtone,UNKNOWN,2026-09-06T23:02:49.332843Z
1.0,PRODUCT,Y Combinator,https://www.ycombinator.com/companies/repaint,Repaint,UNKNOWN,2026-09-06T23:02:49.332964Z
1.0,PRODUCT,Y Combinator,https://www.ycombinator.com/companies/fleetworks,FleetWorks,UNKNOWN,2026-09-06T23:02:49.333070Z
1.0,PRODUCT,Y Combinator,https://www.ycombinator.com/companies/health-harbor,Health Harbor,UNKNOWN,2026-09-06T23:02:49.333174Z
1.0,PRODUCT,Y Combinator,https://www.ycombinator.com/companies/shasta-health,Shasta Health,UNKNOWN,2026-09-06T23:02:49.333286Z
1.0,PRODUCT,Y Combinator,https://www.ycombinator.com/companies/outset,Outset,UNKNOWN,2026-09-06T23:02:49.333396Z
1.0,PRODUCT,Y Combinator,https://www.ycombinator.com/companies/serra,Serra,UNKNOWN,2026-09-06T23:02:49.333420Z
1.0,PRODUCT,Y Combinator,https://www.ycombinator.com/companies/corgea,Corgea,UNKNOWN,2026-09-06T23:02:49.333526Z
1.0,PRODUCT,Y Combinator,https://www.ycombinator.com/companies/arcimus,Arcimus,UNKNOWN,2026-09-06T23:02:49.333634Z
1.0,PRODUCT,Y Combinator,https://www.ycombinator.com/companies/docsum,Docsum,UNKNOWN,2026-09-06T23:02:49.333743Z
1.0,PRODUCT,Y Combinator,https://www.ycombinator.com/companies/obento-health,Obento Health,UNKNOWN,2026-09-06T23:02:49.333855Z
1.0,PRODUCT,Y Combinator,https://www.ycombinator.com/companies/kite,Kite,UNKNOWN,2026-09-06T23:02:49.333885Z
1.0,PRODUCT,Y Combinator,https://www.ycombinator.com/companies/bronco-ai,Bronco AI,UNKNOWN,2026-09-06T23:02:49.333995Z
1.0,PRODUCT,Y Combinator,https://www.ycombinator.com/companies/punchcard,Punchcard,UNKNOWN,2026-09-06T23:02:49.334092Z
1.0,PRODUCT,Y Combinator,https://www.ycombinator.com/companies/venta-ai,Venta AI,UNKNOWN,2026-09-06T23:02:49.334180Z
1.0,PRODUCT,Y Combinator,https://www.ycombinator.com/companies/campfire-2,Campfire,UNKNOWN,2026-09-06T23:02:49.334271Z
1.0,PRODUCT,Y Combinator,https://www.ycombinator.com/companies/alguna,Aluna,UNKNOWN,2026-09-06T23:02:49.334394Z
1.0,PRODUCT,Y Combinator,https://www.ycombinator.com/companies/sid,SID,UNKNOWN,2026-09-06T23:02:49.334419Z
1.0,PRODUCT,Y Combinator,https://www.ycombinator.com/companies/baud,Baud,UNKNOWN,2026-09-06T23:02:49.334441Z
1.0,PRODUCT,Y Combinator,https://www.ycombinator.com/companies/spine-ai,Spine AI,UNKNOWN,2026-09-06T23:02:49.334526Z
1.0,PRODUCT,Y Combinator,https://www.ycombinator.com/companies/subsets,Subsets,UNKNOWN,2026-09-06T23:02:49.334604Z
1.0,PRODUCT,Y Combinator,https://www.ycombinator.com/companies/heysol,CORE,UNKNOWN,2026-09-06T23:02:49.334621Z
1.0,PRODUCT,Y Combinator,https://www.ycombinator.com/companies/talc,Talc,UNKNOWN,2026-09-06T23:02:49.334636Z
1.0,PRODUCT,Y Combinator,https://www.ycombinator.com/companies/prosper,Prosper,UNKNOWN,2026-09-06T23:02:49.334720Z
1.0,PRODUCT,Y Combinator,https://www.ycombinator.com/companies/mandel-ai,Mandel AI,UNKNOWN,2026-09-06T23:02:49.334809Z
1.0,PRODUCT,Y Combinator,https://www.ycombinator.com/companies/contour,Contour,UNKNOWN,2026-09-06T23:02:49.334914Z
1.0,PRODUCT,Y Combinator,https://www.ycombinator.com/companies/opentools,OpenTools,UNKNOWN,2026-09-06T23:02:49.335038Z
1.0,PRODUCT,Y Combinator,https://www.ycombinator.com/companies/cedana,Cedana,UNKNOWN,2026-09-06T23:02:49.335148Z
1.0,PRODUCT,Y Combinator,https://www.ycombinator.com/companies/casca,Casca,UNKNOWN,2026-09-06T23:02:49.335174Z
1.0,PRODUCT,Y Combinator,https://www.ycombinator.com/companies/readily,Readily,UNKNOWN,2026-09-06T23:02:49.335281Z
1.0,PRODUCT,Y Combinator,https://www.ycombinator.com/companies/pointhound,Pointhound,UNKNOWN,2026-09-06T23:02:49.335390Z
1.0,PRODUCT,Y Combinator,https://www.ycombinator.com/companies/diligent,Diligent,UNKNOWN,2026-09-06T23:02:49.335528Z
